Contract ID,Customer ID,Existing Customer,Vehicle ID,Product ID,Contract Price,Monthly EMI,Lease Start Date,Lease Expiry Date,Road Assistance,Maintenance,Discount Applied,Preferred Customer,Summary
C0001,1020,No,V1007,P1009,2942080.0,64765.31,2024-09-09T00:00:00Z,2028-09-09T00:00:00Z,No,Yes,No,No,"Contract C0001 for 1020 leasing Vehicle V1007 under Product P1009 with a monthly EMI of €64765.31. Lease runs from 2024-09-09 to 2028-09-09. Road Assistance: No, Maintenance: Yes, Discount Applied: No, Preferred Customer: No."
C0002,1011,No,V1035,P1007,2859480.0,68014.12,2022-12-21T00:00:00Z,2026-12-21T00:00:00Z,No,Yes,No,No,"Contract C0002 for 1011 leasing Vehicle V1035 under Product P1007 with a monthly EMI of €68014.12. Lease runs from 2022-12-21 to 2026-12-21. Road Assistance: No, Maintenance: Yes, Discount Applied: No, Preferred Customer: No."
C0003,1010,No,V1044,P1016,597980.0,26548.61,2023-06-24T00:00:00Z,2025-06-24T00:00:00Z,Yes,Yes,No,No,"Contract C0003 for 1010 leasing Vehicle V1044 under Product P1016 with a monthly EMI of €26548.61. Lease runs from 2023-06-24 to 2025-06-24. Road Assistance: Yes, Maintenance: Yes, Discount Applied: No, Preferred Customer: No."
C0004,1005,No,V1024,P1011,2099960.0,46098.39,2024-12-24T00:00:00Z,2028-12-24T00:00:00Z,No,Yes,No,No,"Contract C0004 for 1005 leasing Vehicle V1024 under Product P1011 with a monthly EMI of €46098.39. Lease runs from 2024-12-24 to 2028-12-24. Road Assistance: No, Maintenance: Yes, Discount Applied: No, Preferred Customer: No."
C0005,1018,No,V1043,P1005,1041560.0,22896.99,2022-09-22T00:00:00Z,2026-09-22T00:00:00Z,No,Yes,No,No,"Contract C0005 for 1018 leasing Vehicle V1043 under Product P1005 with a monthly EMI of €22896.99. Lease runs from 2022-09-22 to 2026-09-22. Road Assistance: No, Maintenance: Yes, Discount Applied: No, Preferred Customer: No."
C0006,1020,Yes,V1020,P1000,1278585.0,37436.63,2025-01-06T00:00:00Z,2028-01-06T00:00:00Z,No,Yes,No,Yes,"Contract C0006 for 1020 leasing Vehicle V1020 under Product P1000 with a monthly EMI of €37436.63. Lease runs from 2025-01-06 to 2028-01-06. Road Assistance: No, Maintenance: Yes, Discount Applied: No, Preferred Customer: Yes."
C0007,1014,No,V1005,P1006,1443040.0,66356.76,2025-03-08T00:00:00Z,2027-03-08T00:00:00Z,Yes,Yes,No,No,"Contract C0007 for 1014 leasing Vehicle V1005 under Product P1006 with a monthly EMI of €66356.76. Lease runs from 2025-03-08 to 2027-03-08. Road Assistance: Yes, Maintenance: Yes, Discount Applied: No, Preferred Customer: No."
C0008,1017,No,V1037,P1019,1034780.0,46040.54,2024-03-31T00:00:00Z,2026-03-31T00:00:00Z,No,Yes,No,No,"Contract C0008 for 1017 leasing Vehicle V1037 under Product P1019 with a monthly EMI of €46040.54. Lease runs from 2024-03-31 to 2026-03-31. Road Assistance: No, Maintenance: Yes, Discount Applied: No, Preferred Customer: No."
C0009,1009,No,V1007,P1007,2942080.0,68912.59,2023-01-27T00:00:00Z,2027-01-27T00:00:00Z,No,Yes,No,No,"Contract C0009 for 1009 leasing Vehicle V1007 under Product P1007 with a monthly EMI of €68912.59. Lease runs from 2023-01-27 to 2027-01-27. Road Assistance: No, Maintenance: Yes, Discount Applied: No, Preferred Customer: No."
C0010,1002,No,V1023,P1015,1486840.0,34869.58,2023-02-12T00:00:00Z,2027-02-12T00:00:00Z,No,Yes,No,No,"Contract C0010 for 1002 leasing Vehicle V1023 under Product P1015 with a monthly EMI of €34869.58. Lease runs from 2023-02-12 to 2027-02-12. Road Assistance: No, Maintenance: Yes, Discount Applied: No, Preferred Customer: No."
C0011,1018,Yes,V1033,P1013,8754.6,800.05,2025-06-03T00:00:00Z,2026-06-03T00:00:00Z,Yes,Yes,No,Yes,"Contract C0011 for 1018 leasing Vehicle V1033 under Product P1013 with a monthly EMI of €800.05. Lease runs from 2025-06-03 to 2026-06-03. Road Assistance: Yes, Maintenance: Yes, Discount Applied: No, Preferred Customer: Yes."
C0012,1010,Yes,V1040,P1012,10981.35,1025.05,2023-07-18T00:00:00Z,2024-07-18T00:00:00Z,No,Yes,No,Yes,"Contract C0012 for 1010 leasing Vehicle V1040 under Product P1012 with a monthly EMI of €1025.05. Lease runs from 2023-07-18 to 2024-07-18. Road Assistance: No, Maintenance: Yes, Discount Applied: No, Preferred Customer: Yes."
C0013,1016,No,V1075,P1019,1104460.0,51002.51,2025-04-11T00:00:00Z,2027-04-11T00:00:00Z,No,Yes,No,No,"Contract C0013 for 1016 leasing Vehicle V1075 under Product P1019 with a monthly EMI of €51002.51. Lease runs from 2025-04-11 to 2027-04-11. Road Assistance: No, Maintenance: Yes, Discount Applied: No, Preferred Customer: No."
C0014,1003,No,V1061,P1000,2337125.0,74638.52,2024-05-31T00:00:00Z,2027-05-31T00:00:00Z,No,Yes,No,No,"Contract C0014 for 1003 leasing Vehicle V1061 under Product P1000 with a monthly EMI of €74638.52. Lease runs from 2024-05-31 to 2027-05-31. Road Assistance: No, Maintenance: Yes, Discount Applied: No, Preferred Customer: No."
C0015,1006,No,V1005,P1012,10822.8,950.28,2025-02-22T00:00:00Z,2026-02-22T00:00:00Z,No,Yes,No,No,"Contract C0015 for 1006 leasing Vehicle V1005 under Product P1012 with a monthly EMI of €950.28. Lease runs from 2025-02-22 to 2026-02-22. Road Assistance: No, Maintenance: Yes, Discount Applied: No, Preferred Customer: No."
C0016,1015,No,V1004,P1016,633360.0,30267.66,2025-08-23T00:00:00Z,2027-08-23T00:00:00Z,Yes,Yes,No,No,"Contract C0016 for 1015 leasing Vehicle V1004 under Product P1016 with a monthly EMI of €30267.66. Lease runs from 2025-08-23 to 2027-08-23. Road Assistance: Yes, Maintenance: Yes, Discount Applied: No, Preferred Customer: No."
C0017,1003,Yes,V1038,P1003,899160.0,41582.35,2025-02-18T00:00:00Z,2027-02-18T00:00:00Z,Yes,Yes,No,Yes,"Contract C0017 for 1003 leasing Vehicle V1038 under Product P1003 with a monthly EMI of €41582.35. Lease runs from 2025-02-18 to 2027-02-18. Road Assistance: Yes, Maintenance: Yes, Discount Applied: No, Preferred Customer: Yes."
C0018,1019,No,V1041,P1006,1584560.0,72196.55,2024-05-16T00:00:00Z,2026-05-16T00:00:00Z,Yes,Yes,No,No,"Contract C0018 for 1019 leasing Vehicle V1041 under Product P1006 with a monthly EMI of €72196.55. Lease runs from 2024-05-16 to 2026-05-16. Road Assistance: Yes, Maintenance: Yes, Discount Applied: No, Preferred Customer: No."
C0019,1015,Yes,V1022,P1003,510280.0,22440.86,2024-08-18T00:00:00Z,2026-08-18T00:00:00Z,Yes,Yes,No,Yes,"Contract C0019 for 1015 leasing Vehicle V1022 under Product P1003 with a monthly EMI of €22440.86. Lease runs from 2024-08-18 to 2026-08-18. Road Assistance: Yes, Maintenance: Yes, Discount Applied: No, Preferred Customer: Yes."
C0020,1009,Yes,V1050,P1000,2472400.0,73476.12,2024-09-18T00:00:00Z,2027-09-18T00:00:00Z,No,Yes,Yes,Yes,"Contract C0020 for 1009 leasing Vehicle V1050 under Product P1000 with a monthly EMI of €73476.12. Lease runs from 2024-09-18 to 2027-09-18. Road Assistance: No, Maintenance: Yes, Discount Applied: Yes, Preferred Customer: Yes."
C0021,1010,Yes,V1031,P1014,11396.4,1035.9,2023-06-07T00:00:00Z,2024-06-07T00:00:00Z,No,Yes,No,Yes,"Contract C0021 for 1010 leasing Vehicle V1031 under Product P1014 with a monthly EMI of €1035.9. Lease runs from 2023-06-07 to 2024-06-07. Road Assistance: No, Maintenance: Yes, Discount Applied: No, Preferred Customer: Yes."
C0022,1002,Yes,V1059,P1000,2029230.0,59388.81,2023-12-05T00:00:00Z,2026-12-05T00:00:00Z,No,Yes,No,Yes,"Contract C0022 for 1002 leasing Vehicle V1059 under Product P1000 with a monthly EMI of €59388.81. Lease runs from 2023-12-05 to 2026-12-05. Road Assistance: No, Maintenance: Yes, Discount Applied: No, Preferred Customer: Yes."
C0023,1005,Yes,V1074,P1005,2992600.0,68362.27,2023-01-15T00:00:00Z,2027-01-15T00:00:00Z,No,Yes,No,Yes,"Contract C0023 for 1005 leasing Vehicle V1074 under Product P1005 with a monthly EMI of €68362.27. Lease runs from 2023-01-15 to 2027-01-15. Road Assistance: No, Maintenance: Yes, Discount Applied: No, Preferred Customer: Yes."
C0024,1016,Yes,V1036,P1004,4540.8,398.84,2023-06-08T00:00:00Z,2024-06-08T00:00:00Z,No,Yes,No,Yes,"Contract C0024 for 1016 leasing Vehicle V1036 under Product P1004 with a monthly EMI of €398.84. Lease runs from 2023-06-08 to 2024-06-08. Road Assistance: No, Maintenance: Yes, Discount Applied: No, Preferred Customer: Yes."
C0025,1005,Yes,V1065,P1016,1157200.0,50628.94,2024-05-10T00:00:00Z,2026-05-10T00:00:00Z,Yes,Yes,No,Yes,"Contract C0025 for 1005 leasing Vehicle V1065 under Product P1016 with a monthly EMI of €50628.94. Lease runs from 2024-05-10 to 2026-05-10. Road Assistance: Yes, Maintenance: Yes, Discount Applied: No, Preferred Customer: Yes."
C0026,1015,Yes,V1035,P1012,10723.05,938.46,2023-12-12T00:00:00Z,2024-12-12T00:00:00Z,No,Yes,No,Yes,"Contract C0026 for 1015 leasing Vehicle V1035 under Product P1012 with a monthly EMI of €938.46. Lease runs from 2023-12-12 to 2024-12-12. Road Assistance: No, Maintenance: Yes, Discount Applied: No, Preferred Customer: Yes."
C0027,1011,Yes,V1057,P1014,7801.5,741.23,2023-03-21T00:00:00Z,2024-03-21T00:00:00Z,No,Yes,No,Yes,"Contract C0027 for 1011 leasing Vehicle V1057 under Product P1014 with a monthly EMI of €741.23. Lease runs from 2023-03-21 to 2024-03-21. Road Assistance: No, Maintenance: Yes, Discount Applied: No, Preferred Customer: Yes."
C0028,1016,Yes,V1061,P1012,10016.25,878.14,2022-11-26T00:00:00Z,2023-11-26T00:00:00Z,No,Yes,No,Yes,"Contract C0028 for 1016 leasing Vehicle V1061 under Product P1012 with a monthly EMI of €878.14. Lease runs from 2022-11-26 to 2023-11-26. Road Assistance: No, Maintenance: Yes, Discount Applied: No, Preferred Customer: Yes."
C0029,1004,No,V1000,P1004,9200.1,845.9,2025-04-02T00:00:00Z,2026-04-02T00:00:00Z,No,Yes,No,No,"Contract C0029 for 1004 leasing Vehicle V1000 under Product P1004 with a monthly EMI of €845.9. Lease runs from 2025-04-02 to 2026-04-02. Road Assistance: No, Maintenance: Yes, Discount Applied: No, Preferred Customer: No."
C0030,1006,Yes,V1064,P1009,2712480.0,62443.05,2023-06-11T00:00:00Z,2027-06-11T00:00:00Z,No,Yes,Yes,Yes,"Contract C0030 for 1006 leasing Vehicle V1064 under Product P1009 with a monthly EMI of €62443.05. Lease runs from 2023-06-11 to 2027-06-11. Road Assistance: No, Maintenance: Yes, Discount Applied: Yes, Preferred Customer: Yes."
C0031,1015,Yes,V1025,P1007,2600520.0,58506.7,2024-08-02T00:00:00Z,2028-08-02T00:00:00Z,No,Yes,No,Yes,"Contract C0031 for 1015 leasing Vehicle V1025 under Product P1007 with a monthly EMI of €58506.7. Lease runs from 2024-08-02 to 2028-08-02. Road Assistance: No, Maintenance: Yes, Discount Applied: No, Preferred Customer: Yes."
C0032,1001,No,V1066,P1007,2760440.0,63419.17,2023-08-09T00:00:00Z,2027-08-09T00:00:00Z,No,Yes,No,No,"Contract C0032 for 1001 leasing Vehicle V1066 under Product P1007 with a monthly EMI of €63419.17. Lease runs from 2023-08-09 to 2027-08-09. Road Assistance: No, Maintenance: Yes, Discount Applied: No, Preferred Customer: No."
C0033,1006,Yes,V1020,P1016,730620.0,34764.72,2025-01-01T00:00:00Z,2027-01-01T00:00:00Z,Yes,Yes,No,Yes,"Contract C0033 for 1006 leasing Vehicle V1020 under Product P1016 with a monthly EMI of €34764.72. Lease runs from 2025-01-01 to 2027-01-01. Road Assistance: Yes, Maintenance: Yes, Discount Applied: No, Preferred Customer: Yes."
C0034,1012,No,V1063,P1015,1673040.0,39859.15,2023-05-12T00:00:00Z,2027-05-12T00:00:00Z,No,Yes,No,No,"Contract C0034 for 1012 leasing Vehicle V1063 under Product P1015 with a monthly EMI of €39859.15. Lease runs from 2023-05-12 to 2027-05-12. Road Assistance: No, Maintenance: Yes, Discount Applied: No, Preferred Customer: No."
C0035,1003,Yes,V1063,P1004,6273.9,557.83,2024-10-03T00:00:00Z,2025-10-03T00:00:00Z,No,Yes,No,Yes,"Contract C0035 for 1003 leasing Vehicle V1063 under Product P1004 with a monthly EMI of €557.83. Lease runs from 2024-10-03 to 2025-10-03. Road Assistance: No, Maintenance: Yes, Discount Applied: No, Preferred Customer: Yes."
C0036,1008,No,V1067,P1003,1376400.0,63930.81,2022-11-23T00:00:00Z,2024-11-23T00:00:00Z,Yes,Yes,No,No,"Contract C0036 for 1008 leasing Vehicle V1067 under Product P1003 with a monthly EMI of €63930.81. Lease runs from 2022-11-23 to 2024-11-23. Road Assistance: Yes, Maintenance: Yes, Discount Applied: No, Preferred Customer: No."
C0037,1017,Yes,V1054,P1006,1015320.0,46556.79,2024-09-12T00:00:00Z,2026-09-12T00:00:00Z,Yes,Yes,No,Yes,"Contract C0037 for 1017 leasing Vehicle V1054 under Product P1006 with a monthly EMI of €46556.79. Lease runs from 2024-09-12 to 2026-09-12. Road Assistance: Yes, Maintenance: Yes, Discount Applied: No, Preferred Customer: Yes."
C0038,1019,Yes,V1076,P1006,1542480.0,72230.28,2023-02-14T00:00:00Z,2025-02-14T00:00:00Z,Yes,Yes,No,Yes,"Contract C0038 for 1019 leasing Vehicle V1076 under Product P1006 with a monthly EMI of €72230.28. Lease runs from 2023-02-14 to 2025-02-14. Road Assistance: Yes, Maintenance: Yes, Discount Applied: No, Preferred Customer: Yes."
C0039,1003,Yes,V1051,P1015,2191320.0,52480.07,2024-12-18T00:00:00Z,2028-12-18T00:00:00Z,No,Yes,Yes,Yes,"Contract C0039 for 1003 leasing Vehicle V1051 under Product P1015 with a monthly EMI of €52480.07. Lease runs from 2024-12-18 to 2028-12-18. Road Assistance: No, Maintenance: Yes, Discount Applied: Yes, Preferred Customer: Yes."
C0040,1013,No,V1036,P1019,605440.0,27544.87,2025-02-05T00:00:00Z,2027-02-05T00:00:00Z,No,Yes,No,No,"Contract C0040 for 1013 leasing Vehicle V1036 under Product P1019 with a monthly EMI of €27544.87. Lease runs from 2025-02-05 to 2027-02-05. Road Assistance: No, Maintenance: Yes, Discount Applied: No, Preferred Customer: No."
C0041,1009,Yes,V1030,P1013,11173.35,1037.61,2025-02-05T00:00:00Z,2026-02-05T00:00:00Z,Yes,Yes,No,Yes,"Contract C0041 for 1009 leasing Vehicle V1030 under Product P1013 with a monthly EMI of €1037.61. Lease runs from 2025-02-05 to 2026-02-05. Road Assistance: Yes, Maintenance: Yes, Discount Applied: No, Preferred Customer: Yes."
C0042,1009,Yes,V1039,P1007,2425760.0,54272.92,2023-05-04T00:00:00Z,2027-05-04T00:00:00Z,No,Yes,No,Yes,"Contract C0042 for 1009 leasing Vehicle V1039 under Product P1007 with a monthly EMI of €54272.92. Lease runs from 2023-05-04 to 2027-05-04. Road Assistance: No, Maintenance: Yes, Discount Applied: No, Preferred Customer: Yes."
C0043,1004,Yes,V1041,P1007,3169120.0,74391.31,2024-08-29T00:00:00Z,2028-08-29T00:00:00Z,No,Yes,Yes,Yes,"Contract C0043 for 1004 leasing Vehicle V1041 under Product P1007 with a monthly EMI of €74391.31. Lease runs from 2024-08-29 to 2028-08-29. Road Assistance: No, Maintenance: Yes, Discount Applied: Yes, Preferred Customer: Yes."
C0044,1017,Yes,V1050,P1017,2825600.0,67394.23,2023-08-07T00:00:00Z,2027-08-07T00:00:00Z,No,Yes,No,Yes,"Contract C0044 for 1017 leasing Vehicle V1050 under Product P1017 with a monthly EMI of €67394.23. Lease runs from 2023-08-07 to 2027-08-07. Road Assistance: No, Maintenance: Yes, Discount Applied: No, Preferred Customer: Yes."
C0045,1012,Yes,V1056,P1009,1815720.0,42031.93,2022-12-08T00:00:00Z,2026-12-08T00:00:00Z,No,Yes,No,Yes,"Contract C0045 for 1012 leasing Vehicle V1056 under Product P1009 with a monthly EMI of €42031.93. Lease runs from 2022-12-08 to 2026-12-08. Road Assistance: No, Maintenance: Yes, Discount Applied: No, Preferred Customer: Yes."
C0046,1009,Yes,V1068,P1016,1175960.0,55712.87,2024-06-16T00:00:00Z,2026-06-16T00:00:00Z,Yes,Yes,No,Yes,"Contract C0046 for 1009 leasing Vehicle V1068 under Product P1016 with a monthly EMI of €55712.87. Lease runs from 2024-06-16 to 2026-06-16. Road Assistance: Yes, Maintenance: Yes, Discount Applied: No, Preferred Customer: Yes."
C0047,1007,No,V1058,P1009,1265400.0,29295.36,2023-04-20T00:00:00Z,2027-04-20T00:00:00Z,No,Yes,No,No,"Contract C0047 for 1007 leasing Vehicle V1058 under Product P1009 with a monthly EMI of €29295.36. Lease runs from 2023-04-20 to 2027-04-20. Road Assistance: No, Maintenance: Yes, Discount Applied: No, Preferred Customer: No."
C0048,1009,Yes,V1015,P1019,614820.0,29012.59,2024-01-17T00:00:00Z,2026-01-17T00:00:00Z,No,Yes,No,Yes,"Contract C0048 for 1009 leasing Vehicle V1015 under Product P1019 with a monthly EMI of €29012.59. Lease runs from 2024-01-17 to 2026-01-17. Road Assistance: No, Maintenance: Yes, Discount Applied: No, Preferred Customer: Yes."
C0049,1001,Yes,V1026,P1001,1193640.0,53682.23,2023-11-28T00:00:00Z,2025-11-28T00:00:00Z,No,Yes,Yes,Yes,"Contract C0049 for 1001 leasing Vehicle V1026 under Product P1001 with a monthly EMI of €53682.23. Lease runs from 2023-11-28 to 2025-11-28. Road Assistance: No, Maintenance: Yes, Discount Applied: Yes, Preferred Customer: Yes."
C0050,1009,Yes,V1027,P1005,2810680.0,65845.83,2024-12-13T00:00:00Z,2028-12-13T00:00:00Z,No,Yes,No,Yes,"Contract C0050 for 1009 leasing Vehicle V1027 under Product P1005 with a monthly EMI of €65845.83. Lease runs from 2024-12-13 to 2028-12-13. Road Assistance: No, Maintenance: Yes, Discount Applied: No, Preferred Customer: Yes."
C0051,1018,Yes,V1037,P1004,7760.849999999999,712.73,2023-09-02T00:00:00Z,2024-09-02T00:00:00Z,No,Yes,No,Yes,"Contract C0051 for 1018 leasing Vehicle V1037 under Product P1004 with a monthly EMI of €712.73. Lease runs from 2023-09-02 to 2024-09-02. Road Assistance: No, Maintenance: Yes, Discount Applied: No, Preferred Customer: Yes."
C0052,1012,Yes,V1067,P1014,10323.0,944.24,2025-07-18T00:00:00Z,2026-07-18T00:00:00Z,No,Yes,No,Yes,"Contract C0052 for 1012 leasing Vehicle V1067 under Product P1014 with a monthly EMI of €944.24. Lease runs from 2025-07-18 to 2026-07-18. Road Assistance: No, Maintenance: Yes, Discount Applied: No, Preferred Customer: Yes."
C0053,1015,Yes,V1077,P1003,1437180.0,63871.36,2025-06-21T00:00:00Z,2027-06-21T00:00:00Z,Yes,Yes,Yes,Yes,"Contract C0053 for 1015 leasing Vehicle V1077 under Product P1003 with a monthly EMI of €63871.36. Lease runs from 2025-06-21 to 2027-06-21. Road Assistance: Yes, Maintenance: Yes, Discount Applied: Yes, Preferred Customer: Yes."
C0054,1003,Yes,V1062,P1003,1371800.0,61234.37,2024-08-15T00:00:00Z,2026-08-15T00:00:00Z,Yes,Yes,No,Yes,"Contract C0054 for 1003 leasing Vehicle V1062 under Product P1003 with a monthly EMI of €61234.37. Lease runs from 2024-08-15 to 2026-08-15. Road Assistance: Yes, Maintenance: Yes, Discount Applied: No, Preferred Customer: Yes."
C0055,1004,Yes,V1020,P1001,730620.0,34159.11,2025-03-25T00:00:00Z,2027-03-25T00:00:00Z,No,Yes,No,Yes,"Contract C0055 for 1004 leasing Vehicle V1020 under Product P1001 with a monthly EMI of €34159.11. Lease runs from 2025-03-25 to 2027-03-25. Road Assistance: No, Maintenance: Yes, Discount Applied: No, Preferred Customer: Yes."
C0056,1002,Yes,V1015,P1014,4611.15,406.8,2022-09-09T00:00:00Z,2023-09-09T00:00:00Z,No,Yes,Yes,Yes,"Contract C0056 for 1002 leasing Vehicle V1015 under Product P1014 with a monthly EMI of €406.8. Lease runs from 2022-09-09 to 2023-09-09. Road Assistance: No, Maintenance: Yes, Discount Applied: Yes, Preferred Customer: Yes."
C0057,1003,Yes,V1005,P1000,2525320.0,78980.17,2024-08-06T00:00:00Z,2027-08-06T00:00:00Z,No,Yes,No,Yes,"Contract C0057 for 1003 leasing Vehicle V1005 under Product P1000 with a monthly EMI of €78980.17. Lease runs from 2024-08-06 to 2027-08-06. Road Assistance: No, Maintenance: Yes, Discount Applied: No, Preferred Customer: Yes."
C0058,1005,Yes,V1013,P1006,1058140.0,50293.83,2023-03-27T00:00:00Z,2025-03-27T00:00:00Z,Yes,Yes,No,Yes,"Contract C0058 for 1005 leasing Vehicle V1013 under Product P1006 with a monthly EMI of €50293.83. Lease runs from 2023-03-27 to 2025-03-27. Road Assistance: Yes, Maintenance: Yes, Discount Applied: No, Preferred Customer: Yes."
C0059,1018,Yes,V1002,P1000,902160.0,26812.0,2023-12-16T00:00:00Z,2026-12-16T00:00:00Z,No,Yes,No,Yes,"Contract C0059 for 1018 leasing Vehicle V1002 under Product P1000 with a monthly EMI of €26812.0. Lease runs from 2023-12-16 to 2026-12-16. Road Assistance: No, Maintenance: Yes, Discount Applied: No, Preferred Customer: Yes."
C0060,1011,Yes,V1053,P1006,529200.0,23603.12,2024-08-10T00:00:00Z,2026-08-10T00:00:00Z,Yes,Yes,Yes,Yes,"Contract C0060 for 1011 leasing Vehicle V1053 under Product P1006 with a monthly EMI of €23603.12. Lease runs from 2024-08-10 to 2026-08-10. Road Assistance: Yes, Maintenance: Yes, Discount Applied: Yes, Preferred Customer: Yes."
C0061,1002,Yes,V1033,P1010,8754.6,820.5,2023-01-12T00:00:00Z,2024-01-12T00:00:00Z,No,Yes,No,Yes,"Contract C0061 for 1002 leasing Vehicle V1033 under Product P1010 with a monthly EMI of €820.5. Lease runs from 2023-01-12 to 2024-01-12. Road Assistance: No, Maintenance: Yes, Discount Applied: No, Preferred Customer: Yes."
C0062,1005,Yes,V1021,P1007,2240640.0,49953.31,2023-12-20T00:00:00Z,2027-12-20T00:00:00Z,No,Yes,No,Yes,"Contract C0062 for 1005 leasing Vehicle V1021 under Product P1007 with a monthly EMI of €49953.31. Lease runs from 2023-12-20 to 2027-12-20. Road Assistance: No, Maintenance: Yes, Discount Applied: No, Preferred Customer: Yes."
C0063,1019,Yes,V1048,P1003,892000.0,40424.04,2023-03-15T00:00:00Z,2025-03-15T00:00:00Z,Yes,Yes,No,Yes,"Contract C0063 for 1019 leasing Vehicle V1048 under Product P1003 with a monthly EMI of €40424.04. Lease runs from 2023-03-15 to 2025-03-15. Road Assistance: Yes, Maintenance: Yes, Discount Applied: No, Preferred Customer: Yes."
C0064,1016,Yes,V1059,P1018,2319120.0,54120.96,2024-08-12T00:00:00Z,2028-08-12T00:00:00Z,No,Yes,No,Yes,"Contract C0064 for 1016 leasing Vehicle V1059 under Product P1018 with a monthly EMI of €54120.96. Lease runs from 2024-08-12 to 2028-08-12. Road Assistance: No, Maintenance: Yes, Discount Applied: No, Preferred Customer: Yes."
C0065,1012,Yes,V1011,P1003,1252980.0,55474.57,2024-07-11T00:00:00Z,2026-07-11T00:00:00Z,Yes,Yes,Yes,Yes,"Contract C0065 for 1012 leasing Vehicle V1011 under Product P1003 with a monthly EMI of €55474.57. Lease runs from 2024-07-11 to 2026-07-11. Road Assistance: Yes, Maintenance: Yes, Discount Applied: Yes, Preferred Customer: Yes."
C0066,1010,Yes,V1001,P1015,1817160.0,41035.79,2024-10-14T00:00:00Z,2028-10-14T00:00:00Z,No,Yes,No,Yes,"Contract C0066 for 1010 leasing Vehicle V1001 under Product P1015 with a monthly EMI of €41035.79. Lease runs from 2024-10-14 to 2028-10-14. Road Assistance: No, Maintenance: Yes, Discount Applied: No, Preferred Customer: Yes."
C0067,1001,Yes,V1050,P1003,1412800.0,64829.93,2022-11-06T00:00:00Z,2024-11-06T00:00:00Z,Yes,Yes,No,Yes,"Contract C0067 for 1001 leasing Vehicle V1050 under Product P1003 with a monthly EMI of €64829.93. Lease runs from 2022-11-06 to 2024-11-06. Road Assistance: Yes, Maintenance: Yes, Discount Applied: No, Preferred Customer: Yes."
C0068,1013,Yes,V1030,P1012,11173.35,996.65,2022-09-26T00:00:00Z,2023-09-26T00:00:00Z,No,Yes,Yes,Yes,"Contract C0068 for 1013 leasing Vehicle V1030 under Product P1012 with a monthly EMI of €996.65. Lease runs from 2022-09-26 to 2023-09-26. Road Assistance: No, Maintenance: Yes, Discount Applied: Yes, Preferred Customer: Yes."
C0069,1017,Yes,V1016,P1017,3061240.0,71481.67,2024-08-09T00:00:00Z,2028-08-09T00:00:00Z,No,Yes,Yes,Yes,"Contract C0069 for 1017 leasing Vehicle V1016 under Product P1017 with a monthly EMI of €71481.67. Lease runs from 2024-08-09 to 2028-08-09. Road Assistance: No, Maintenance: Yes, Discount Applied: Yes, Preferred Customer: Yes."
C0070,1004,Yes,V1016,P1015,3061240.0,67693.01,2023-02-19T00:00:00Z,2027-02-19T00:00:00Z,No,Yes,No,Yes,"Contract C0070 for 1004 leasing Vehicle V1016 under Product P1015 with a monthly EMI of €67693.01. Lease runs from 2023-02-19 to 2027-02-19. Road Assistance: No, Maintenance: Yes, Discount Applied: No, Preferred Customer: Yes."
C0071,1006,Yes,V1026,P1018,2387280.0,53565.9,2023-09-10T00:00:00Z,2027-09-10T00:00:00Z,No,Yes,Yes,Yes,"Contract C0071 for 1006 leasing Vehicle V1026 under Product P1018 with a monthly EMI of €53565.9. Lease runs from 2023-09-10 to 2027-09-10. Road Assistance: No, Maintenance: Yes, Discount Applied: Yes, Preferred Customer: Yes."
C0072,1019,Yes,V1059,P1014,8696.699999999999,785.84,2025-02-22T00:00:00Z,2026-02-22T00:00:00Z,No,Yes,No,Yes,"Contract C0072 for 1019 leasing Vehicle V1059 under Product P1014 with a monthly EMI of €785.84. Lease runs from 2025-02-22 to 2026-02-22. Road Assistance: No, Maintenance: Yes, Discount Applied: No, Preferred Customer: Yes."
C0073,1016,Yes,V1059,P1009,2319120.0,51738.25,2024-11-05T00:00:00Z,2028-11-05T00:00:00Z,No,Yes,No,Yes,"Contract C0073 for 1016 leasing Vehicle V1059 under Product P1009 with a monthly EMI of €51738.25. Lease runs from 2024-11-05 to 2028-11-05. Road Assistance: No, Maintenance: Yes, Discount Applied: No, Preferred Customer: Yes."
C0074,1012,Yes,V1008,P1002,1146565.0,33548.34,2024-09-23T00:00:00Z,2027-09-23T00:00:00Z,No,Yes,Yes,Yes,"Contract C0074 for 1012 leasing Vehicle V1008 under Product P1002 with a monthly EMI of €33548.34. Lease runs from 2024-09-23 to 2027-09-23. Road Assistance: No, Maintenance: Yes, Discount Applied: Yes, Preferred Customer: Yes."
C0075,1002,Yes,V1000,P1008,1226680.0,55704.95,2022-10-28T00:00:00Z,2024-10-28T00:00:00Z,Yes,Yes,No,Yes,"Contract C0075 for 1002 leasing Vehicle V1000 under Product P1008 with a monthly EMI of €55704.95. Lease runs from 2022-10-28 to 2024-10-28. Road Assistance: Yes, Maintenance: Yes, Discount Applied: No, Preferred Customer: Yes."
C0076,1001,Yes,V1059,P1013,8696.699999999999,786.89,2024-04-01T00:00:00Z,2025-04-01T00:00:00Z,Yes,Yes,No,Yes,"Contract C0076 for 1001 leasing Vehicle V1059 under Product P1013 with a monthly EMI of €786.89. Lease runs from 2024-04-01 to 2025-04-01. Road Assistance: Yes, Maintenance: Yes, Discount Applied: No, Preferred Customer: Yes."
C0077,1020,Yes,V1007,P1008,1471040.0,65673.32,2023-10-17T00:00:00Z,2025-10-17T00:00:00Z,Yes,Yes,No,Yes,"Contract C0077 for 1020 leasing Vehicle V1007 under Product P1008 with a monthly EMI of €65673.32. Lease runs from 2023-10-17 to 2025-10-17. Road Assistance: Yes, Maintenance: Yes, Discount Applied: No, Preferred Customer: Yes."
C0078,1007,Yes,V1065,P1007,2314400.0,52090.11,2023-06-07T00:00:00Z,2027-06-07T00:00:00Z,No,Yes,No,Yes,"Contract C0078 for 1007 leasing Vehicle V1065 under Product P1007 with a monthly EMI of €52090.11. Lease runs from 2023-06-07 to 2027-06-07. Road Assistance: No, Maintenance: Yes, Discount Applied: No, Preferred Customer: Yes."
C0079,1011,Yes,V1063,P1006,836520.0,37764.69,2025-05-23T00:00:00Z,2027-05-23T00:00:00Z,Yes,Yes,No,Yes,"Contract C0079 for 1011 leasing Vehicle V1063 under Product P1006 with a monthly EMI of €37764.69. Lease runs from 2025-05-23 to 2027-05-23. Road Assistance: Yes, Maintenance: Yes, Discount Applied: No, Preferred Customer: Yes."
C0080,1008,Yes,V1048,P1007,1784000.0,41924.35,2024-03-18T00:00:00Z,2028-03-18T00:00:00Z,No,Yes,No,Yes,"Contract C0080 for 1008 leasing Vehicle V1048 under Product P1007 with a monthly EMI of €41924.35. Lease runs from 2024-03-18 to 2028-03-18. Road Assistance: No, Maintenance: Yes, Discount Applied: No, Preferred Customer: Yes."
C0081,1012,Yes,V1051,P1005,2191320.0,51668.28,2022-12-09T00:00:00Z,2026-12-09T00:00:00Z,No,Yes,No,Yes,"Contract C0081 for 1012 leasing Vehicle V1051 under Product P1005 with a monthly EMI of €51668.28. Lease runs from 2022-12-09 to 2026-12-09. Road Assistance: No, Maintenance: Yes, Discount Applied: No, Preferred Customer: Yes."
C0082,1007,Yes,V1043,P1010,3905.85,344.59,2025-08-19T00:00:00Z,2026-08-19T00:00:00Z,No,Yes,Yes,Yes,"Contract C0082 for 1007 leasing Vehicle V1043 under Product P1010 with a monthly EMI of €344.59. Lease runs from 2025-08-19 to 2026-08-19. Road Assistance: No, Maintenance: Yes, Discount Applied: Yes, Preferred Customer: Yes."
C0083,1016,Yes,V1032,P1015,2570160.0,58478.32,2023-01-15T00:00:00Z,2027-01-15T00:00:00Z,No,Yes,No,Yes,"Contract C0083 for 1016 leasing Vehicle V1032 under Product P1015 with a monthly EMI of €58478.32. Lease runs from 2023-01-15 to 2027-01-15. Road Assistance: No, Maintenance: Yes, Discount Applied: No, Preferred Customer: Yes."
C0084,1007,Yes,V1065,P1014,8679.0,809.87,2023-07-09T00:00:00Z,2024-07-09T00:00:00Z,No,Yes,No,Yes,"Contract C0084 for 1007 leasing Vehicle V1065 under Product P1014 with a monthly EMI of €809.87. Lease runs from 2023-07-09 to 2024-07-09. Road Assistance: No, Maintenance: Yes, Discount Applied: No, Preferred Customer: Yes."
C0085,1008,Yes,V1052,P1017,2411120.0,55873.29,2023-07-16T00:00:00Z,2027-07-16T00:00:00Z,No,Yes,No,Yes,"Contract C0085 for 1008 leasing Vehicle V1052 under Product P1017 with a monthly EMI of €55873.29. Lease runs from 2023-07-16 to 2027-07-16. Road Assistance: No, Maintenance: Yes, Discount Applied: No, Preferred Customer: Yes."
C0086,1006,Yes,V1073,P1006,1305640.0,58538.29,2024-12-21T00:00:00Z,2026-12-21T00:00:00Z,Yes,Yes,No,Yes,"Contract C0086 for 1006 leasing Vehicle V1073 under Product P1006 with a monthly EMI of €58538.29. Lease runs from 2024-12-21 to 2026-12-21. Road Assistance: Yes, Maintenance: Yes, Discount Applied: No, Preferred Customer: Yes."
C0087,1009,Yes,V1041,P1015,3169120.0,74028.5,2025-05-11T00:00:00Z,2029-05-11T00:00:00Z,No,Yes,No,Yes,"Contract C0087 for 1009 leasing Vehicle V1041 under Product P1015 with a monthly EMI of €74028.5. Lease runs from 2025-05-11 to 2029-05-11. Road Assistance: No, Maintenance: Yes, Discount Applied: No, Preferred Customer: Yes."
C0088,1016,Yes,V1055,P1004,3869.25,360.33,2025-05-23T00:00:00Z,2026-05-23T00:00:00Z,No,Yes,No,Yes,"Contract C0088 for 1016 leasing Vehicle V1055 under Product P1004 with a monthly EMI of €360.33. Lease runs from 2025-05-23 to 2026-05-23. Road Assistance: No, Maintenance: Yes, Discount Applied: No, Preferred Customer: Yes."
C0089,1011,Yes,V1078,P1009,2662640.0,59456.74,2025-05-18T00:00:00Z,2029-05-18T00:00:00Z,No,Yes,Yes,Yes,"Contract C0089 for 1011 leasing Vehicle V1078 under Product P1009 with a monthly EMI of €59456.74. Lease runs from 2025-05-18 to 2029-05-18. Road Assistance: No, Maintenance: Yes, Discount Applied: Yes, Preferred Customer: Yes."
C0090,1015,Yes,V1068,P1001,1175960.0,53652.05,2024-03-30T00:00:00Z,2026-03-30T00:00:00Z,No,Yes,No,Yes,"Contract C0090 for 1015 leasing Vehicle V1068 under Product P1001 with a monthly EMI of €53652.05. Lease runs from 2024-03-30 to 2026-03-30. Road Assistance: No, Maintenance: Yes, Discount Applied: No, Preferred Customer: Yes."
C0091,1008,Yes,V1021,P1009,2240640.0,52531.19,2022-12-19T00:00:00Z,2026-12-19T00:00:00Z,No,Yes,No,Yes,"Contract C0091 for 1008 leasing Vehicle V1021 under Product P1009 with a monthly EMI of €52531.19. Lease runs from 2022-12-19 to 2026-12-19. Road Assistance: No, Maintenance: Yes, Discount Applied: No, Preferred Customer: Yes."
C0092,1008,Yes,V1065,P1017,2314400.0,54067.4,2025-03-16T00:00:00Z,2029-03-16T00:00:00Z,No,Yes,No,Yes,"Contract C0092 for 1008 leasing Vehicle V1065 under Product P1017 with a monthly EMI of €54067.4. Lease runs from 2025-03-16 to 2029-03-16. Road Assistance: No, Maintenance: Yes, Discount Applied: No, Preferred Customer: Yes."
C0093,1003,Yes,V1016,P1007,3061240.0,69713.3,2023-11-22T00:00:00Z,2027-11-22T00:00:00Z,No,Yes,Yes,Yes,"Contract C0093 for 1003 leasing Vehicle V1016 under Product P1007 with a monthly EMI of €69713.3. Lease runs from 2023-11-22 to 2027-11-22. Road Assistance: No, Maintenance: Yes, Discount Applied: Yes, Preferred Customer: Yes."
C0094,1010,Yes,V1074,P1004,11222.25,1059.68,2024-12-31T00:00:00Z,2025-12-31T00:00:00Z,No,Yes,No,Yes,"Contract C0094 for 1010 leasing Vehicle V1074 under Product P1004 with a monthly EMI of €1059.68. Lease runs from 2024-12-31 to 2025-12-31. Road Assistance: No, Maintenance: Yes, Discount Applied: No, Preferred Customer: Yes."
C0095,1006,Yes,V1024,P1006,1049980.0,50283.28,2024-07-01T00:00:00Z,2026-07-01T00:00:00Z,Yes,Yes,No,Yes,"Contract C0095 for 1006 leasing Vehicle V1024 under Product P1006 with a monthly EMI of €50283.28. Lease runs from 2024-07-01 to 2026-07-01. Road Assistance: Yes, Maintenance: Yes, Discount Applied: No, Preferred Customer: Yes."
C0096,1004,Yes,V1056,P1000,1588755.0,47769.14,2023-10-22T00:00:00Z,2026-10-22T00:00:00Z,No,Yes,No,Yes,"Contract C0096 for 1004 leasing Vehicle V1056 under Product P1000 with a monthly EMI of €47769.14. Lease runs from 2023-10-22 to 2026-10-22. Road Assistance: No, Maintenance: Yes, Discount Applied: No, Preferred Customer: Yes."
C0097,1001,Yes,V1044,P1019,597980.0,27505.96,2025-07-18T00:00:00Z,2027-07-18T00:00:00Z,No,Yes,No,Yes,"Contract C0097 for 1001 leasing Vehicle V1044 under Product P1019 with a monthly EMI of €27505.96. Lease runs from 2025-07-18 to 2027-07-18. Road Assistance: No, Maintenance: Yes, Discount Applied: No, Preferred Customer: Yes."
C0098,1018,Yes,V1013,P1010,7936.049999999999,728.8,2023-01-15T00:00:00Z,2024-01-15T00:00:00Z,No,Yes,Yes,Yes,"Contract C0098 for 1018 leasing Vehicle V1013 under Product P1010 with a monthly EMI of €728.8. Lease runs from 2023-01-15 to 2024-01-15. Road Assistance: No, Maintenance: Yes, Discount Applied: Yes, Preferred Customer: Yes."
C0099,1014,Yes,V1046,P1000,932750.0,27300.97,2023-10-30T00:00:00Z,2026-10-30T00:00:00Z,No,Yes,Yes,Yes,"Contract C0099 for 1014 leasing Vehicle V1046 under Product P1000 with a monthly EMI of €27300.97. Lease runs from 2023-10-30 to 2026-10-30. Road Assistance: No, Maintenance: Yes, Discount Applied: Yes, Preferred Customer: Yes."
C0100,1010,Yes,V1076,P1011,3084960.0,71259.47,2023-05-23T00:00:00Z,2027-05-23T00:00:00Z,No,Yes,No,Yes,"Contract C0100 for 1010 leasing Vehicle V1076 under Product P1011 with a monthly EMI of €71259.47. Lease runs from 2023-05-23 to 2027-05-23. Road Assistance: No, Maintenance: Yes, Discount Applied: No, Preferred Customer: Yes."
C0101,1011,Yes,V1017,P1005,2883280.0,67213.81,2025-02-15T00:00:00Z,2029-02-15T00:00:00Z,No,Yes,No,Yes,"Contract C0101 for 1011 leasing Vehicle V1017 under Product P1005 with a monthly EMI of €67213.81. Lease runs from 2025-02-15 to 2029-02-15. Road Assistance: No, Maintenance: Yes, Discount Applied: No, Preferred Customer: Yes."
C0102,1017,Yes,V1057,P1002,1820350.0,54788.25,2024-04-08T00:00:00Z,2027-04-08T00:00:00Z,No,Yes,No,Yes,"Contract C0102 for 1017 leasing Vehicle V1057 under Product P1002 with a monthly EMI of €54788.25. Lease runs from 2024-04-08 to 2027-04-08. Road Assistance: No, Maintenance: Yes, Discount Applied: No, Preferred Customer: Yes."
C0103,1014,Yes,V1069,P1019,1175200.0,53409.67,2025-05-13T00:00:00Z,2027-05-13T00:00:00Z,No,Yes,Yes,Yes,"Contract C0103 for 1014 leasing Vehicle V1069 under Product P1019 with a monthly EMI of €53409.67. Lease runs from 2025-05-13 to 2027-05-13. Road Assistance: No, Maintenance: Yes, Discount Applied: Yes, Preferred Customer: Yes."
C0104,1012,Yes,V1012,P1011,2397600.0,56129.45,2023-04-13T00:00:00Z,2027-04-13T00:00:00Z,No,Yes,No,Yes,"Contract C0104 for 1012 leasing Vehicle V1012 under Product P1011 with a monthly EMI of €56129.45. Lease runs from 2023-04-13 to 2027-04-13. Road Assistance: No, Maintenance: Yes, Discount Applied: No, Preferred Customer: Yes."
C0105,1006,Yes,V1046,P1004,3997.5,357.9,2023-08-17T00:00:00Z,2024-08-17T00:00:00Z,No,Yes,Yes,Yes,"Contract C0105 for 1006 leasing Vehicle V1046 under Product P1004 with a monthly EMI of €357.9. Lease runs from 2023-08-17 to 2024-08-17. Road Assistance: No, Maintenance: Yes, Discount Applied: Yes, Preferred Customer: Yes."
C0106,1009,Yes,V1037,P1018,2069560.0,48207.23,2025-04-30T00:00:00Z,2029-04-30T00:00:00Z,No,Yes,No,Yes,"Contract C0106 for 1009 leasing Vehicle V1037 under Product P1018 with a monthly EMI of €48207.23. Lease runs from 2025-04-30 to 2029-04-30. Road Assistance: No, Maintenance: Yes, Discount Applied: No, Preferred Customer: Yes."
C0107,1008,Yes,V1015,P1004,4611.15,437.37,2025-04-02T00:00:00Z,2026-04-02T00:00:00Z,No,Yes,Yes,Yes,"Contract C0107 for 1008 leasing Vehicle V1015 under Product P1004 with a monthly EMI of €437.37. Lease runs from 2025-04-02 to 2026-04-02. Road Assistance: No, Maintenance: Yes, Discount Applied: Yes, Preferred Customer: Yes."
C0108,1002,Yes,V1073,P1007,2611280.0,58469.93,2024-11-10T00:00:00Z,2028-11-10T00:00:00Z,No,Yes,Yes,Yes,"Contract C0108 for 1002 leasing Vehicle V1073 under Product P1007 with a monthly EMI of €58469.93. Lease runs from 2024-11-10 to 2028-11-10. Road Assistance: No, Maintenance: Yes, Discount Applied: Yes, Preferred Customer: Yes."
C0109,1005,Yes,V1018,P1013,6949.2,613.18,2025-03-02T00:00:00Z,2026-03-02T00:00:00Z,Yes,Yes,No,Yes,"Contract C0109 for 1005 leasing Vehicle V1018 under Product P1013 with a monthly EMI of €613.18. Lease runs from 2025-03-02 to 2026-03-02. Road Assistance: Yes, Maintenance: Yes, Discount Applied: No, Preferred Customer: Yes."
C0110,1001,Yes,V1006,P1010,9339.0,883.26,2023-06-26T00:00:00Z,2024-06-26T00:00:00Z,No,Yes,Yes,Yes,"Contract C0110 for 1001 leasing Vehicle V1006 under Product P1010 with a monthly EMI of €883.26. Lease runs from 2023-06-26 to 2024-06-26. Road Assistance: No, Maintenance: Yes, Discount Applied: Yes, Preferred Customer: Yes."
C0111,1004,Yes,V1015,P1001,614820.0,28210.83,2025-01-31T00:00:00Z,2027-01-31T00:00:00Z,No,Yes,No,Yes,"Contract C0111 for 1004 leasing Vehicle V1015 under Product P1001 with a monthly EMI of €28210.83. Lease runs from 2025-01-31 to 2027-01-31. Road Assistance: No, Maintenance: Yes, Discount Applied: No, Preferred Customer: Yes."
C0112,1008,Yes,V1076,P1007,3084960.0,69934.64,2024-06-18T00:00:00Z,2028-06-18T00:00:00Z,No,Yes,No,Yes,"Contract C0112 for 1008 leasing Vehicle V1076 under Product P1007 with a monthly EMI of €69934.64. Lease runs from 2024-06-18 to 2028-06-18. Road Assistance: No, Maintenance: Yes, Discount Applied: No, Preferred Customer: Yes."
C0113,1019,Yes,V1025,P1012,9751.949999999999,881.8,2024-07-06T00:00:00Z,2025-07-06T00:00:00Z,No,Yes,No,Yes,"Contract C0113 for 1019 leasing Vehicle V1025 under Product P1012 with a monthly EMI of €881.8. Lease runs from 2024-07-06 to 2025-07-06. Road Assistance: No, Maintenance: Yes, Discount Applied: No, Preferred Customer: Yes."
C0114,1005,Yes,V1024,P1008,1049980.0,48593.63,2025-07-28T00:00:00Z,2027-07-28T00:00:00Z,Yes,Yes,No,Yes,"Contract C0114 for 1005 leasing Vehicle V1024 under Product P1008 with a monthly EMI of €48593.63. Lease runs from 2025-07-28 to 2027-07-28. Road Assistance: Yes, Maintenance: Yes, Discount Applied: No, Preferred Customer: Yes."
C0115,1017,Yes,V1040,P1003,1464180.0,69516.54,2024-07-26T00:00:00Z,2026-07-26T00:00:00Z,Yes,Yes,No,Yes,"Contract C0115 for 1017 leasing Vehicle V1040 under Product P1003 with a monthly EMI of €69516.54. Lease runs from 2024-07-26 to 2026-07-26. Road Assistance: Yes, Maintenance: Yes, Discount Applied: No, Preferred Customer: Yes."
C0116,1020,Yes,V1067,P1019,1376400.0,61272.51,2022-11-12T00:00:00Z,2024-11-12T00:00:00Z,No,Yes,No,Yes,"Contract C0116 for 1020 leasing Vehicle V1067 under Product P1019 with a monthly EMI of €61272.51. Lease runs from 2022-11-12 to 2024-11-12. Road Assistance: No, Maintenance: Yes, Discount Applied: No, Preferred Customer: Yes."
C0117,1002,Yes,V1028,P1010,8432.55,788.07,2022-10-19T00:00:00Z,2023-10-19T00:00:00Z,No,Yes,Yes,Yes,"Contract C0117 for 1002 leasing Vehicle V1028 under Product P1010 with a monthly EMI of €788.07. Lease runs from 2022-10-19 to 2023-10-19. Road Assistance: No, Maintenance: Yes, Discount Applied: Yes, Preferred Customer: Yes."
C0118,1018,Yes,V1070,P1007,1852440.0,41314.34,2023-06-03T00:00:00Z,2027-06-03T00:00:00Z,No,Yes,No,Yes,"Contract C0118 for 1018 leasing Vehicle V1070 under Product P1007 with a monthly EMI of €41314.34. Lease runs from 2023-06-03 to 2027-06-03. Road Assistance: No, Maintenance: Yes, Discount Applied: No, Preferred Customer: Yes."
C0119,1005,Yes,V1026,P1000,2088870.0,63275.51,2024-12-06T00:00:00Z,2027-12-06T00:00:00Z,No,Yes,No,Yes,"Contract C0119 for 1005 leasing Vehicle V1026 under Product P1000 with a monthly EMI of €63275.51. Lease runs from 2024-12-06 to 2027-12-06. Road Assistance: No, Maintenance: Yes, Discount Applied: No, Preferred Customer: Yes."
C0120,1010,Yes,V1013,P1010,7936.049999999999,724.94,2024-10-19T00:00:00Z,2025-10-19T00:00:00Z,No,Yes,No,Yes,"Contract C0120 for 1010 leasing Vehicle V1013 under Product P1010 with a monthly EMI of €724.94. Lease runs from 2024-10-19 to 2025-10-19. Road Assistance: No, Maintenance: Yes, Discount Applied: No, Preferred Customer: Yes."
C0121,1008,Yes,V1043,P1012,3905.85,359.07,2023-04-04T00:00:00Z,2024-04-04T00:00:00Z,No,Yes,Yes,Yes,"Contract C0121 for 1008 leasing Vehicle V1043 under Product P1012 with a monthly EMI of €359.07. Lease runs from 2023-04-04 to 2024-04-04. Road Assistance: No, Maintenance: Yes, Discount Applied: Yes, Preferred Customer: Yes."
C0122,1013,Yes,V1072,P1013,10436.55,959.72,2024-10-31T00:00:00Z,2025-10-31T00:00:00Z,Yes,Yes,No,Yes,"Contract C0122 for 1013 leasing Vehicle V1072 under Product P1013 with a monthly EMI of €959.72. Lease runs from 2024-10-31 to 2025-10-31. Road Assistance: Yes, Maintenance: Yes, Discount Applied: No, Preferred Customer: Yes."
C0123,1001,Yes,V1034,P1012,6418.349999999999,597.57,2023-08-04T00:00:00Z,2024-08-04T00:00:00Z,No,Yes,No,Yes,"Contract C0123 for 1001 leasing Vehicle V1034 under Product P1012 with a monthly EMI of €597.57. Lease runs from 2023-08-04 to 2024-08-04. Road Assistance: No, Maintenance: Yes, Discount Applied: No, Preferred Customer: Yes."
C0124,1020,Yes,V1016,P1007,3061240.0,67311.6,2025-08-11T00:00:00Z,2029-08-11T00:00:00Z,No,Yes,No,Yes,"Contract C0124 for 1020 leasing Vehicle V1016 under Product P1007 with a monthly EMI of €67311.6. Lease runs from 2025-08-11 to 2029-08-11. Road Assistance: No, Maintenance: Yes, Discount Applied: No, Preferred Customer: Yes."
C0125,1015,Yes,V1016,P1008,1530620.0,69118.53,2023-02-23T00:00:00Z,2025-02-23T00:00:00Z,Yes,Yes,No,Yes,"Contract C0125 for 1015 leasing Vehicle V1016 under Product P1008 with a monthly EMI of €69118.53. Lease runs from 2023-02-23 to 2025-02-23. Road Assistance: Yes, Maintenance: Yes, Discount Applied: No, Preferred Customer: Yes."
C0126,1018,Yes,V1074,P1006,1496300.0,69109.56,2023-02-08T00:00:00Z,2025-02-08T00:00:00Z,Yes,Yes,No,Yes,"Contract C0126 for 1018 leasing Vehicle V1074 under Product P1006 with a monthly EMI of €69109.56. Lease runs from 2023-02-08 to 2025-02-08. Road Assistance: Yes, Maintenance: Yes, Discount Applied: No, Preferred Customer: Yes."
C0127,1016,Yes,V1064,P1003,1356240.0,64378.05,2023-11-19T00:00:00Z,2025-11-19T00:00:00Z,Yes,Yes,No,Yes,"Contract C0127 for 1016 leasing Vehicle V1064 under Product P1003 with a monthly EMI of €64378.05. Lease runs from 2023-11-19 to 2025-11-19. Road Assistance: Yes, Maintenance: Yes, Discount Applied: No, Preferred Customer: Yes."
C0128,1019,Yes,V1041,P1011,3169120.0,71178.34,2024-11-29T00:00:00Z,2028-11-29T00:00:00Z,No,Yes,No,Yes,"Contract C0128 for 1019 leasing Vehicle V1041 under Product P1011 with a monthly EMI of €71178.34. Lease runs from 2024-11-29 to 2028-11-29. Road Assistance: No, Maintenance: Yes, Discount Applied: No, Preferred Customer: Yes."
C0129,1012,Yes,V1077,P1017,2874360.0,65975.85,2022-09-29T00:00:00Z,2026-09-29T00:00:00Z,No,Yes,No,Yes,"Contract C0129 for 1012 leasing Vehicle V1077 under Product P1017 with a monthly EMI of €65975.85. Lease runs from 2022-09-29 to 2026-09-29. Road Assistance: No, Maintenance: Yes, Discount Applied: No, Preferred Customer: Yes."
C0130,1010,Yes,V1021,P1003,1120320.0,53602.63,2023-12-03T00:00:00Z,2025-12-03T00:00:00Z,Yes,Yes,No,Yes,"Contract C0130 for 1010 leasing Vehicle V1021 under Product P1003 with a monthly EMI of €53602.63. Lease runs from 2023-12-03 to 2025-12-03. Road Assistance: Yes, Maintenance: Yes, Discount Applied: No, Preferred Customer: Yes."
C0131,1014,Yes,V1036,P1000,1059520.0,32498.05,2025-04-24T00:00:00Z,2028-04-24T00:00:00Z,No,Yes,Yes,Yes,"Contract C0131 for 1014 leasing Vehicle V1036 under Product P1000 with a monthly EMI of €32498.05. Lease runs from 2025-04-24 to 2028-04-24. Road Assistance: No, Maintenance: Yes, Discount Applied: Yes, Preferred Customer: Yes."
C0132,1010,Yes,V1070,P1000,1620885.0,51350.06,2023-02-15T00:00:00Z,2026-02-15T00:00:00Z,No,Yes,No,Yes,"Contract C0132 for 1010 leasing Vehicle V1070 under Product P1000 with a monthly EMI of €51350.06. Lease runs from 2023-02-15 to 2026-02-15. Road Assistance: No, Maintenance: Yes, Discount Applied: No, Preferred Customer: Yes."
C0133,1017,Yes,V1057,P1016,1040200.0,46014.39,2024-07-13T00:00:00Z,2026-07-13T00:00:00Z,Yes,Yes,No,Yes,"Contract C0133 for 1017 leasing Vehicle V1057 under Product P1016 with a monthly EMI of €46014.39. Lease runs from 2024-07-13 to 2026-07-13. Road Assistance: Yes, Maintenance: Yes, Discount Applied: No, Preferred Customer: Yes."
C0134,1003,Yes,V1053,P1008,529200.0,24301.6,2023-10-21T00:00:00Z,2025-10-21T00:00:00Z,Yes,Yes,No,Yes,"Contract C0134 for 1003 leasing Vehicle V1053 under Product P1008 with a monthly EMI of €24301.6. Lease runs from 2023-10-21 to 2025-10-21. Road Assistance: Yes, Maintenance: Yes, Discount Applied: No, Preferred Customer: Yes."
C0135,1013,Yes,V1076,P1009,3084960.0,71596.05,2024-08-23T00:00:00Z,2028-08-23T00:00:00Z,No,Yes,No,Yes,"Contract C0135 for 1013 leasing Vehicle V1076 under Product P1009 with a monthly EMI of €71596.05. Lease runs from 2024-08-23 to 2028-08-23. Road Assistance: No, Maintenance: Yes, Discount Applied: No, Preferred Customer: Yes."
C0136,1004,Yes,V1003,P1011,1344280.0,29820.47,2024-03-09T00:00:00Z,2028-03-09T00:00:00Z,No,Yes,No,Yes,"Contract C0136 for 1004 leasing Vehicle V1003 under Product P1011 with a monthly EMI of €29820.47. Lease runs from 2024-03-09 to 2028-03-09. Road Assistance: No, Maintenance: Yes, Discount Applied: No, Preferred Customer: Yes."
C0137,1015,Yes,V1041,P1001,1584560.0,69462.09,2025-04-01T00:00:00Z,2027-04-01T00:00:00Z,No,Yes,No,Yes,"Contract C0137 for 1015 leasing Vehicle V1041 under Product P1001 with a monthly EMI of €69462.09. Lease runs from 2025-04-01 to 2027-04-01. Road Assistance: No, Maintenance: Yes, Discount Applied: No, Preferred Customer: Yes."
C0138,1016,Yes,V1021,P1010,8402.4,735.98,2022-10-01T00:00:00Z,2023-10-01T00:00:00Z,No,Yes,Yes,Yes,"Contract C0138 for 1016 leasing Vehicle V1021 under Product P1010 with a monthly EMI of €735.98. Lease runs from 2022-10-01 to 2023-10-01. Road Assistance: No, Maintenance: Yes, Discount Applied: Yes, Preferred Customer: Yes."
C0139,1013,Yes,V1020,P1001,730620.0,33382.17,2024-05-03T00:00:00Z,2026-05-03T00:00:00Z,No,Yes,No,Yes,"Contract C0139 for 1013 leasing Vehicle V1020 under Product P1001 with a monthly EMI of €33382.17. Lease runs from 2024-05-03 to 2026-05-03. Road Assistance: No, Maintenance: Yes, Discount Applied: No, Preferred Customer: Yes."
C0140,1017,Yes,V1005,P1001,1443040.0,65960.87,2024-12-22T00:00:00Z,2026-12-22T00:00:00Z,No,Yes,Yes,Yes,"Contract C0140 for 1017 leasing Vehicle V1005 under Product P1001 with a monthly EMI of €65960.87. Lease runs from 2024-12-22 to 2026-12-22. Road Assistance: No, Maintenance: Yes, Discount Applied: Yes, Preferred Customer: Yes."
C0141,1007,Yes,V1067,P1008,1376400.0,63767.44,2022-11-13T00:00:00Z,2024-11-13T00:00:00Z,Yes,Yes,No,Yes,"Contract C0141 for 1007 leasing Vehicle V1067 under Product P1008 with a monthly EMI of €63767.44. Lease runs from 2022-11-13 to 2024-11-13. Road Assistance: Yes, Maintenance: Yes, Discount Applied: No, Preferred Customer: Yes."
C0142,1003,Yes,V1069,P1003,1175200.0,54703.52,2022-11-25T00:00:00Z,2024-11-25T00:00:00Z,Yes,Yes,No,Yes,"Contract C0142 for 1003 leasing Vehicle V1069 under Product P1003 with a monthly EMI of €54703.52. Lease runs from 2022-11-25 to 2024-11-25. Road Assistance: Yes, Maintenance: Yes, Discount Applied: No, Preferred Customer: Yes."
C0143,1012,Yes,V1049,P1010,10837.5,1023.74,2024-08-29T00:00:00Z,2025-08-29T00:00:00Z,No,Yes,Yes,Yes,"Contract C0143 for 1012 leasing Vehicle V1049 under Product P1010 with a monthly EMI of €1023.74. Lease runs from 2024-08-29 to 2025-08-29. Road Assistance: No, Maintenance: Yes, Discount Applied: Yes, Preferred Customer: Yes."
C0144,1020,Yes,V1003,P1012,5041.05,479.04,2024-04-22T00:00:00Z,2025-04-22T00:00:00Z,No,Yes,No,Yes,"Contract C0144 for 1020 leasing Vehicle V1003 under Product P1012 with a monthly EMI of €479.04. Lease runs from 2024-04-22 to 2025-04-22. Road Assistance: No, Maintenance: Yes, Discount Applied: No, Preferred Customer: Yes."
C0145,1017,Yes,V1033,P1013,8754.6,796.56,2024-08-07T00:00:00Z,2025-08-07T00:00:00Z,Yes,Yes,No,Yes,"Contract C0145 for 1017 leasing Vehicle V1033 under Product P1013 with a monthly EMI of €796.56. Lease runs from 2024-08-07 to 2025-08-07. Road Assistance: Yes, Maintenance: Yes, Discount Applied: No, Preferred Customer: Yes."
C0146,1019,Yes,V1068,P1008,1175960.0,54400.52,2024-02-03T00:00:00Z,2026-02-03T00:00:00Z,Yes,Yes,Yes,Yes,"Contract C0146 for 1019 leasing Vehicle V1068 under Product P1008 with a monthly EMI of €54400.52. Lease runs from 2024-02-03 to 2026-02-03. Road Assistance: Yes, Maintenance: Yes, Discount Applied: Yes, Preferred Customer: Yes."
C0147,1002,Yes,V1035,P1001,1429740.0,63253.56,2024-06-13T00:00:00Z,2026-06-13T00:00:00Z,No,Yes,No,Yes,"Contract C0147 for 1002 leasing Vehicle V1035 under Product P1001 with a monthly EMI of €63253.56. Lease runs from 2024-06-13 to 2026-06-13. Road Assistance: No, Maintenance: Yes, Discount Applied: No, Preferred Customer: Yes."
C0148,1011,Yes,V1005,P1012,10822.8,978.35,2023-09-18T00:00:00Z,2024-09-18T00:00:00Z,No,Yes,No,Yes,"Contract C0148 for 1011 leasing Vehicle V1005 under Product P1012 with a monthly EMI of €978.35. Lease runs from 2023-09-18 to 2024-09-18. Road Assistance: No, Maintenance: Yes, Discount Applied: No, Preferred Customer: Yes."
C0149,1019,Yes,V1012,P1012,8991.0,857.6,2025-03-08T00:00:00Z,2026-03-08T00:00:00Z,No,Yes,No,Yes,"Contract C0149 for 1019 leasing Vehicle V1012 under Product P1012 with a monthly EMI of €857.6. Lease runs from 2025-03-08 to 2026-03-08. Road Assistance: No, Maintenance: Yes, Discount Applied: No, Preferred Customer: Yes."
C0150,1019,Yes,V1046,P1016,533000.0,23635.78,2023-10-14T00:00:00Z,2025-10-14T00:00:00Z,Yes,Yes,No,Yes,"Contract C0150 for 1019 leasing Vehicle V1046 under Product P1016 with a monthly EMI of €23635.78. Lease runs from 2023-10-14 to 2025-10-14. Road Assistance: Yes, Maintenance: Yes, Discount Applied: No, Preferred Customer: Yes."
C0151,1002,Yes,V1031,P1004,11396.4,1004.06,2024-08-01T00:00:00Z,2025-08-01T00:00:00Z,No,Yes,Yes,Yes,"Contract C0151 for 1002 leasing Vehicle V1031 under Product P1004 with a monthly EMI of €1004.06. Lease runs from 2024-08-01 to 2025-08-01. Road Assistance: No, Maintenance: Yes, Discount Applied: Yes, Preferred Customer: Yes."
C0152,1012,Yes,V1035,P1015,2859480.0,67671.4,2023-01-24T00:00:00Z,2027-01-24T00:00:00Z,No,Yes,No,Yes,"Contract C0152 for 1012 leasing Vehicle V1035 under Product P1015 with a monthly EMI of €67671.4. Lease runs from 2023-01-24 to 2027-01-24. Road Assistance: No, Maintenance: Yes, Discount Applied: No, Preferred Customer: Yes."
C0153,1017,Yes,V1063,P1012,6273.9,554.24,2025-05-10T00:00:00Z,2026-05-10T00:00:00Z,No,Yes,No,Yes,"Contract C0153 for 1017 leasing Vehicle V1063 under Product P1012 with a monthly EMI of €554.24. Lease runs from 2025-05-10 to 2026-05-10. Road Assistance: No, Maintenance: Yes, Discount Applied: No, Preferred Customer: Yes."
C0154,1001,Yes,V1013,P1002,1851745.0,56838.39,2023-06-12T00:00:00Z,2026-06-12T00:00:00Z,No,Yes,Yes,Yes,"Contract C0154 for 1001 leasing Vehicle V1013 under Product P1002 with a monthly EMI of €56838.39. Lease runs from 2023-06-12 to 2026-06-12. Road Assistance: No, Maintenance: Yes, Discount Applied: Yes, Preferred Customer: Yes."
C0155,1004,Yes,V1009,P1004,6995.7,662.18,2023-02-21T00:00:00Z,2024-02-21T00:00:00Z,No,Yes,No,Yes,"Contract C0155 for 1004 leasing Vehicle V1009 under Product P1004 with a monthly EMI of €662.18. Lease runs from 2023-02-21 to 2024-02-21. Road Assistance: No, Maintenance: Yes, Discount Applied: No, Preferred Customer: Yes."
C0156,1019,Yes,V1017,P1001,1441640.0,68806.75,2025-04-24T00:00:00Z,2027-04-24T00:00:00Z,No,Yes,Yes,Yes,"Contract C0156 for 1019 leasing Vehicle V1017 under Product P1001 with a monthly EMI of €68806.75. Lease runs from 2025-04-24 to 2027-04-24. Road Assistance: No, Maintenance: Yes, Discount Applied: Yes, Preferred Customer: Yes."
C0157,1018,Yes,V1072,P1019,1391540.0,62231.16,2023-05-17T00:00:00Z,2025-05-17T00:00:00Z,No,Yes,No,Yes,"Contract C0157 for 1018 leasing Vehicle V1072 under Product P1019 with a monthly EMI of €62231.16. Lease runs from 2023-05-17 to 2025-05-17. Road Assistance: No, Maintenance: Yes, Discount Applied: No, Preferred Customer: Yes."
C0158,1016,Yes,V1049,P1011,2890000.0,67762.67,2023-12-29T00:00:00Z,2027-12-29T00:00:00Z,No,Yes,No,Yes,"Contract C0158 for 1016 leasing Vehicle V1049 under Product P1011 with a monthly EMI of €67762.67. Lease runs from 2023-12-29 to 2027-12-29. Road Assistance: No, Maintenance: Yes, Discount Applied: No, Preferred Customer: Yes."
C0159,1009,Yes,V1001,P1019,908580.0,40547.03,2025-08-10T00:00:00Z,2027-08-10T00:00:00Z,No,Yes,No,Yes,"Contract C0159 for 1009 leasing Vehicle V1001 under Product P1019 with a monthly EMI of €40547.03. Lease runs from 2025-08-10 to 2027-08-10. Road Assistance: No, Maintenance: Yes, Discount Applied: No, Preferred Customer: Yes."
C0160,1016,Yes,V1015,P1005,1229640.0,27033.04,2024-01-16T00:00:00Z,2028-01-16T00:00:00Z,No,Yes,Yes,Yes,"Contract C0160 for 1016 leasing Vehicle V1015 under Product P1005 with a monthly EMI of €27033.04. Lease runs from 2024-01-16 to 2028-01-16. Road Assistance: No, Maintenance: Yes, Discount Applied: Yes, Preferred Customer: Yes."
C0161,1016,Yes,V1056,P1011,1815720.0,41826.92,2023-07-29T00:00:00Z,2027-07-29T00:00:00Z,No,Yes,Yes,Yes,"Contract C0161 for 1016 leasing Vehicle V1056 under Product P1011 with a monthly EMI of €41826.92. Lease runs from 2023-07-29 to 2027-07-29. Road Assistance: No, Maintenance: Yes, Discount Applied: Yes, Preferred Customer: Yes."
C0162,1011,Yes,V1039,P1014,9096.6,841.47,2025-01-09T00:00:00Z,2026-01-09T00:00:00Z,No,Yes,No,Yes,"Contract C0162 for 1011 leasing Vehicle V1039 under Product P1014 with a monthly EMI of €841.47. Lease runs from 2025-01-09 to 2026-01-09. Road Assistance: No, Maintenance: Yes, Discount Applied: No, Preferred Customer: Yes."
C0163,1006,Yes,V1018,P1009,1853120.0,43595.01,2023-01-11T00:00:00Z,2027-01-11T00:00:00Z,No,Yes,No,Yes,"Contract C0163 for 1006 leasing Vehicle V1018 under Product P1009 with a monthly EMI of €43595.01. Lease runs from 2023-01-11 to 2027-01-11. Road Assistance: No, Maintenance: Yes, Discount Applied: No, Preferred Customer: Yes."
C0164,1003,Yes,V1027,P1011,2810680.0,62502.46,2023-02-01T00:00:00Z,2027-02-01T00:00:00Z,No,Yes,No,Yes,"Contract C0164 for 1003 leasing Vehicle V1027 under Product P1011 with a monthly EMI of €62502.46. Lease runs from 2023-02-01 to 2027-02-01. Road Assistance: No, Maintenance: Yes, Discount Applied: No, Preferred Customer: Yes."
C0165,1001,Yes,V1066,P1018,2760440.0,65832.33,2023-02-17T00:00:00Z,2027-02-17T00:00:00Z,No,Yes,Yes,Yes,"Contract C0165 for 1001 leasing Vehicle V1066 under Product P1018 with a monthly EMI of €65832.33. Lease runs from 2023-02-17 to 2027-02-17. Road Assistance: No, Maintenance: Yes, Discount Applied: Yes, Preferred Customer: Yes."
C0166,1004,Yes,V1032,P1007,2570160.0,57653.75,2023-10-19T00:00:00Z,2027-10-19T00:00:00Z,No,Yes,No,Yes,"Contract C0166 for 1004 leasing Vehicle V1032 under Product P1007 with a monthly EMI of €57653.75. Lease runs from 2023-10-19 to 2027-10-19. Road Assistance: No, Maintenance: Yes, Discount Applied: No, Preferred Customer: Yes."
C0167,1010,Yes,V1045,P1014,7060.95,663.96,2023-04-30T00:00:00Z,2024-04-30T00:00:00Z,No,Yes,No,Yes,"Contract C0167 for 1010 leasing Vehicle V1045 under Product P1014 with a monthly EMI of €663.96. Lease runs from 2023-04-30 to 2024-04-30. Road Assistance: No, Maintenance: Yes, Discount Applied: No, Preferred Customer: Yes."
C0168,1012,Yes,V1064,P1009,2712480.0,63135.44,2022-09-24T00:00:00Z,2026-09-24T00:00:00Z,No,Yes,Yes,Yes,"Contract C0168 for 1012 leasing Vehicle V1064 under Product P1009 with a monthly EMI of €63135.44. Lease runs from 2022-09-24 to 2026-09-24. Road Assistance: No, Maintenance: Yes, Discount Applied: Yes, Preferred Customer: Yes."
C0169,1012,Yes,V1057,P1011,2080400.0,48678.56,2025-07-09T00:00:00Z,2029-07-09T00:00:00Z,No,Yes,No,Yes,"Contract C0169 for 1012 leasing Vehicle V1057 under Product P1011 with a monthly EMI of €48678.56. Lease runs from 2025-07-09 to 2029-07-09. Road Assistance: No, Maintenance: Yes, Discount Applied: No, Preferred Customer: Yes."
C0170,1002,Yes,V1008,P1003,655180.0,30039.86,2024-05-02T00:00:00Z,2026-05-02T00:00:00Z,Yes,Yes,Yes,Yes,"Contract C0170 for 1002 leasing Vehicle V1008 under Product P1003 with a monthly EMI of €30039.86. Lease runs from 2024-05-02 to 2026-05-02. Road Assistance: Yes, Maintenance: Yes, Discount Applied: Yes, Preferred Customer: Yes."
C0171,1017,Yes,V1039,P1008,1212880.0,53885.35,2022-09-06T00:00:00Z,2024-09-06T00:00:00Z,Yes,Yes,Yes,Yes,"Contract C0171 for 1017 leasing Vehicle V1039 under Product P1008 with a monthly EMI of €53885.35. Lease runs from 2022-09-06 to 2024-09-06. Road Assistance: Yes, Maintenance: Yes, Discount Applied: Yes, Preferred Customer: Yes."
C0172,1018,Yes,V1039,P1007,2425760.0,53825.06,2024-02-11T00:00:00Z,2028-02-11T00:00:00Z,No,Yes,Yes,Yes,"Contract C0172 for 1018 leasing Vehicle V1039 under Product P1007 with a monthly EMI of €53825.06. Lease runs from 2024-02-11 to 2028-02-11. Road Assistance: No, Maintenance: Yes, Discount Applied: Yes, Preferred Customer: Yes."
C0173,1013,Yes,V1021,P1007,2240640.0,49666.72,2024-09-03T00:00:00Z,2028-09-03T00:00:00Z,No,Yes,Yes,Yes,"Contract C0173 for 1013 leasing Vehicle V1021 under Product P1007 with a monthly EMI of €49666.72. Lease runs from 2024-09-03 to 2028-09-03. Road Assistance: No, Maintenance: Yes, Discount Applied: Yes, Preferred Customer: Yes."
C0174,1011,Yes,V1059,P1011,2319120.0,51509.35,2023-04-17T00:00:00Z,2027-04-17T00:00:00Z,No,Yes,No,Yes,"Contract C0174 for 1011 leasing Vehicle V1059 under Product P1011 with a monthly EMI of €51509.35. Lease runs from 2023-04-17 to 2027-04-17. Road Assistance: No, Maintenance: Yes, Discount Applied: No, Preferred Customer: Yes."
C0175,1009,Yes,V1069,P1012,8814.0,791.43,2022-12-16T00:00:00Z,2023-12-16T00:00:00Z,No,Yes,No,Yes,"Contract C0175 for 1009 leasing Vehicle V1069 under Product P1012 with a monthly EMI of €791.43. Lease runs from 2022-12-16 to 2023-12-16. Road Assistance: No, Maintenance: Yes, Discount Applied: No, Preferred Customer: Yes."
C0176,1020,Yes,V1075,P1018,2208920.0,51375.97,2025-05-27T00:00:00Z,2029-05-27T00:00:00Z,No,Yes,No,Yes,"Contract C0176 for 1020 leasing Vehicle V1075 under Product P1018 with a monthly EMI of €51375.97. Lease runs from 2025-05-27 to 2029-05-27. Road Assistance: No, Maintenance: Yes, Discount Applied: No, Preferred Customer: Yes."
C0177,1003,Yes,V1022,P1004,3827.1,338.96,2023-04-16T00:00:00Z,2024-04-16T00:00:00Z,No,Yes,No,Yes,"Contract C0177 for 1003 leasing Vehicle V1022 under Product P1004 with a monthly EMI of €338.96. Lease runs from 2023-04-16 to 2024-04-16. Road Assistance: No, Maintenance: Yes, Discount Applied: No, Preferred Customer: Yes."
C0178,1013,Yes,V1020,P1007,1461240.0,32848.63,2024-11-26T00:00:00Z,2028-11-26T00:00:00Z,No,Yes,No,Yes,"Contract C0178 for 1013 leasing Vehicle V1020 under Product P1007 with a monthly EMI of €32848.63. Lease runs from 2024-11-26 to 2028-11-26. Road Assistance: No, Maintenance: Yes, Discount Applied: No, Preferred Customer: Yes."
C0179,1019,Yes,V1072,P1009,2783080.0,61582.22,2023-06-03T00:00:00Z,2027-06-03T00:00:00Z,No,Yes,No,Yes,"Contract C0179 for 1019 leasing Vehicle V1072 under Product P1009 with a monthly EMI of €61582.22. Lease runs from 2023-06-03 to 2027-06-03. Road Assistance: No, Maintenance: Yes, Discount Applied: No, Preferred Customer: Yes."
C0180,1017,Yes,V1079,P1013,6459.3,602.37,2025-04-01T00:00:00Z,2026-04-01T00:00:00Z,Yes,Yes,No,Yes,"Contract C0180 for 1017 leasing Vehicle V1079 under Product P1013 with a monthly EMI of €602.37. Lease runs from 2025-04-01 to 2026-04-01. Road Assistance: Yes, Maintenance: Yes, Discount Applied: No, Preferred Customer: Yes."
C0181,1012,Yes,V1032,P1012,9638.1,850.0,2025-07-09T00:00:00Z,2026-07-09T00:00:00Z,No,Yes,Yes,Yes,"Contract C0181 for 1012 leasing Vehicle V1032 under Product P1012 with a monthly EMI of €850.0. Lease runs from 2025-07-09 to 2026-07-09. Road Assistance: No, Maintenance: Yes, Discount Applied: Yes, Preferred Customer: Yes."
C0182,1006,Yes,V1006,P1004,9339.0,856.59,2024-05-06T00:00:00Z,2025-05-06T00:00:00Z,No,Yes,No,Yes,"Contract C0182 for 1006 leasing Vehicle V1006 under Product P1004 with a monthly EMI of €856.59. Lease runs from 2024-05-06 to 2025-05-06. Road Assistance: No, Maintenance: Yes, Discount Applied: No, Preferred Customer: Yes."
C0183,1015,Yes,V1057,P1013,7801.5,741.17,2023-05-13T00:00:00Z,2024-05-13T00:00:00Z,Yes,Yes,No,Yes,"Contract C0183 for 1015 leasing Vehicle V1057 under Product P1013 with a monthly EMI of €741.17. Lease runs from 2023-05-13 to 2024-05-13. Road Assistance: Yes, Maintenance: Yes, Discount Applied: No, Preferred Customer: Yes."
C0184,1018,Yes,V1046,P1009,1066000.0,24118.37,2023-06-18T00:00:00Z,2027-06-18T00:00:00Z,No,Yes,No,Yes,"Contract C0184 for 1018 leasing Vehicle V1046 under Product P1009 with a monthly EMI of €24118.37. Lease runs from 2023-06-18 to 2027-06-18. Road Assistance: No, Maintenance: Yes, Discount Applied: No, Preferred Customer: Yes."
C0185,1014,Yes,V1026,P1015,2387280.0,57174.77,2023-02-01T00:00:00Z,2027-02-01T00:00:00Z,No,Yes,No,Yes,"Contract C0185 for 1014 leasing Vehicle V1026 under Product P1015 with a monthly EMI of €57174.77. Lease runs from 2023-02-01 to 2027-02-01. Road Assistance: No, Maintenance: Yes, Discount Applied: No, Preferred Customer: Yes."
C0186,1011,Yes,V1064,P1014,10171.8,927.3,2024-01-11T00:00:00Z,2025-01-11T00:00:00Z,No,Yes,Yes,Yes,"Contract C0186 for 1011 leasing Vehicle V1064 under Product P1014 with a monthly EMI of €927.3. Lease runs from 2024-01-11 to 2025-01-11. Road Assistance: No, Maintenance: Yes, Discount Applied: Yes, Preferred Customer: Yes."
C0187,1004,Yes,V1007,P1012,11032.8,989.23,2025-02-12T00:00:00Z,2026-02-12T00:00:00Z,No,Yes,No,Yes,"Contract C0187 for 1004 leasing Vehicle V1007 under Product P1012 with a monthly EMI of €989.23. Lease runs from 2025-02-12 to 2026-02-12. Road Assistance: No, Maintenance: Yes, Discount Applied: No, Preferred Customer: Yes."
C0188,1008,Yes,V1055,P1005,1031800.0,22657.64,2023-09-13T00:00:00Z,2027-09-13T00:00:00Z,No,Yes,No,Yes,"Contract C0188 for 1008 leasing Vehicle V1055 under Product P1005 with a monthly EMI of €22657.64. Lease runs from 2023-09-13 to 2027-09-13. Road Assistance: No, Maintenance: Yes, Discount Applied: No, Preferred Customer: Yes."
C0189,1008,Yes,V1041,P1009,3169120.0,74764.55,2025-06-27T00:00:00Z,2029-06-27T00:00:00Z,No,Yes,No,Yes,"Contract C0189 for 1008 leasing Vehicle V1041 under Product P1009 with a monthly EMI of €74764.55. Lease runs from 2025-06-27 to 2029-06-27. Road Assistance: No, Maintenance: Yes, Discount Applied: No, Preferred Customer: Yes."
C0190,1003,Yes,V1006,P1014,9339.0,822.62,2024-06-02T00:00:00Z,2025-06-02T00:00:00Z,No,Yes,Yes,Yes,"Contract C0190 for 1003 leasing Vehicle V1006 under Product P1014 with a monthly EMI of €822.62. Lease runs from 2024-06-02 to 2025-06-02. Road Assistance: No, Maintenance: Yes, Discount Applied: Yes, Preferred Customer: Yes."
C0191,1004,Yes,V1077,P1012,10778.85,984.24,2023-01-21T00:00:00Z,2024-01-21T00:00:00Z,No,Yes,No,Yes,"Contract C0191 for 1004 leasing Vehicle V1077 under Product P1012 with a monthly EMI of €984.24. Lease runs from 2023-01-21 to 2024-01-21. Road Assistance: No, Maintenance: Yes, Discount Applied: No, Preferred Customer: Yes."
C0192,1019,Yes,V1057,P1010,7801.5,715.65,2023-11-06T00:00:00Z,2024-11-06T00:00:00Z,No,Yes,No,Yes,"Contract C0192 for 1019 leasing Vehicle V1057 under Product P1010 with a monthly EMI of €715.65. Lease runs from 2023-11-06 to 2024-11-06. Road Assistance: No, Maintenance: Yes, Discount Applied: No, Preferred Customer: Yes."
C0193,1009,Yes,V1060,P1012,5502.15,522.69,2022-10-11T00:00:00Z,2023-10-11T00:00:00Z,No,Yes,Yes,Yes,"Contract C0193 for 1009 leasing Vehicle V1060 under Product P1012 with a monthly EMI of €522.69. Lease runs from 2022-10-11 to 2023-10-11. Road Assistance: No, Maintenance: Yes, Discount Applied: Yes, Preferred Customer: Yes."
C0194,1005,Yes,V1062,P1012,10288.5,936.74,2023-12-19T00:00:00Z,2024-12-19T00:00:00Z,No,Yes,Yes,Yes,"Contract C0194 for 1005 leasing Vehicle V1062 under Product P1012 with a monthly EMI of €936.74. Lease runs from 2023-12-19 to 2024-12-19. Road Assistance: No, Maintenance: Yes, Discount Applied: Yes, Preferred Customer: Yes."
C0195,1002,Yes,V1031,P1000,2659160.0,80594.25,2023-10-06T00:00:00Z,2026-10-06T00:00:00Z,No,Yes,Yes,Yes,"Contract C0195 for 1002 leasing Vehicle V1031 under Product P1000 with a monthly EMI of €80594.25. Lease runs from 2023-10-06 to 2026-10-06. Road Assistance: No, Maintenance: Yes, Discount Applied: Yes, Preferred Customer: Yes."
C0196,1015,Yes,V1008,P1011,1310360.0,30522.99,2023-07-03T00:00:00Z,2027-07-03T00:00:00Z,No,Yes,Yes,Yes,"Contract C0196 for 1015 leasing Vehicle V1008 under Product P1011 with a monthly EMI of €30522.99. Lease runs from 2023-07-03 to 2027-07-03. Road Assistance: No, Maintenance: Yes, Discount Applied: Yes, Preferred Customer: Yes."
C0197,1019,Yes,V1031,P1006,1519520.0,68192.08,2024-01-25T00:00:00Z,2026-01-25T00:00:00Z,Yes,Yes,No,Yes,"Contract C0197 for 1019 leasing Vehicle V1031 under Product P1006 with a monthly EMI of €68192.08. Lease runs from 2024-01-25 to 2026-01-25. Road Assistance: Yes, Maintenance: Yes, Discount Applied: No, Preferred Customer: Yes."
C0198,1020,Yes,V1031,P1001,1519520.0,69056.19,2023-01-30T00:00:00Z,2025-01-30T00:00:00Z,No,Yes,No,Yes,"Contract C0198 for 1020 leasing Vehicle V1031 under Product P1001 with a monthly EMI of €69056.19. Lease runs from 2023-01-30 to 2025-01-30. Road Assistance: No, Maintenance: Yes, Discount Applied: No, Preferred Customer: Yes."
C0199,1013,Yes,V1014,P1015,2092800.0,48996.68,2022-11-17T00:00:00Z,2026-11-17T00:00:00Z,No,Yes,Yes,Yes,"Contract C0199 for 1013 leasing Vehicle V1014 under Product P1015 with a monthly EMI of €48996.68. Lease runs from 2022-11-17 to 2026-11-17. Road Assistance: No, Maintenance: Yes, Discount Applied: Yes, Preferred Customer: Yes."
C0200,1013,Yes,V1055,P1008,515900.0,24506.2,2022-12-09T00:00:00Z,2024-12-09T00:00:00Z,Yes,Yes,Yes,Yes,"Contract C0200 for 1013 leasing Vehicle V1055 under Product P1008 with a monthly EMI of €24506.2. Lease runs from 2022-12-09 to 2024-12-09. Road Assistance: Yes, Maintenance: Yes, Discount Applied: Yes, Preferred Customer: Yes."
