Vehicle ID,Country,Make,Model,Year,Mileage,Fuel,Gear Type,Horsepower,Price,Currency,Preowned,Inserted Date,Summary
V1000,Faroe Islands,Hyundai,Kona,2018,20.3,Petrol,Manual,450,79745,EUR,Yes,2024-06-07,"Country: Faroe Islands, Make: Hyundai, Model: Kona, Year: 2018, Mileage: 20.3 kmpl, Fuel: Petrol, Gear: Manual, Horsepower: 450, Price: 79745 EUR, Preowned: Yes"
V1001,Montenegro,Nissan,Maxima,2007,5.6,EV,Automatic,183,4498,INR,No,2025-03-29,"Country: Montenegro, Make: Nissan, Model: Maxima, Year: 2007, Mileage: 5.6 kmpl, Fuel: EV, Gear: Automatic, Horsepower: 183, Price: 4498 INR, Preowned: No"
V1002,Northern Mariana Islands,Ford,F-150 Lightning (EV),2007,3.5,EV,Manual,210,55880,INR,No,2023-09-12,"Country: Northern Mariana Islands, Make: Ford, Model: F-150 Lightning (EV), Year: 2007, Mileage: 3.5 kmpl, Fuel: EV, Gear: Manual, Horsepower: 210, Price: 55880 INR, Preowned: No"
V1003,Tokelau,Audi,A4,2018,7.5,EV,Manual,204,46611,EUR,Yes,2024-05-17,"Country: Tokelau, Make: Audi, Model: A4, Year: 2018, Mileage: 7.5 kmpl, Fuel: EV, Gear: Manual, Horsepower: 204, Price: 46611 EUR, Preowned: Yes"
V1004,Iraq,Nissan,Leaf (EV),2024,6.5,EV,Automatic,252,24905,EUR,No,2025-05-20,"Country: Iraq, Make: Nissan, Model: Leaf (EV), Year: 2024, Mileage: 6.5 kmpl, Fuel: EV, Gear: Automatic, Horsepower: 252, Price: 24905 EUR, Preowned: No"
V1005,Sudan,Nissan,Rogue,2010,7.4,Petrol,Automatic,364,5079,GBP,No,2024-12-24,"Country: Sudan, Make: Nissan, Model: Rogue, Year: 2010, Mileage: 7.4 kmpl, Fuel: Petrol, Gear: Automatic, Horsepower: 364, Price: 5079 GBP, Preowned: No"
V1006,Bulgaria,Tesla,Model X,2014,10.6,Petrol,Manual,234,5841,EUR,Yes,2024-01-19,"Country: Bulgaria, Make: Tesla, Model: Model X, Year: 2014, Mileage: 10.6 kmpl, Fuel: Petrol, Gear: Manual, Horsepower: 234, Price: 5841 EUR, Preowned: Yes"
V1007,Trinidad and Tobago,Audi,A4,2007,6.3,EV,Manual,292,4260,EUR,Yes,2024-03-02,"Country: Trinidad and Tobago, Make: Audi, Model: A4, Year: 2007, Mileage: 6.3 kmpl, Fuel: EV, Gear: Manual, Horsepower: 292, Price: 4260 EUR, Preowned: Yes"
V1008,Moldova,Volkswagen,ID.4 (EV),2006,4.1,EV,Manual,406,62369,GBP,No,2025-06-13,"Country: Moldova, Make: Volkswagen, Model: ID.4 (EV), Year: 2006, Mileage: 4.1 kmpl, Fuel: EV, Gear: Manual, Horsepower: 406, Price: 62369 GBP, Preowned: No"
V1009,Puerto Rico,Honda,Fit,2006,6.9,EV,Manual,505,64233,EUR,No,2025-06-01,"Country: Puerto Rico, Make: Honda, Model: Fit, Year: 2006, Mileage: 6.9 kmpl, Fuel: EV, Gear: Manual, Horsepower: 505, Price: 64233 EUR, Preowned: No"
V1010,Guernsey,Toyota,RAV4,2023,16.5,Hybrid,Manual,184,35028,EUR,Yes,2025-02-17,"Country: Guernsey, Make: Toyota, Model: RAV4, Year: 2023, Mileage: 16.5 kmpl, Fuel: Hybrid, Gear: Manual, Horsepower: 184, Price: 35028 EUR, Preowned: Yes"
V1011,Heard Island and McDonald Islands,Toyota,Prius,2008,7.9,Diesel,Automatic,235,37876,EUR,No,2024-10-31,"Country: Heard Island and McDonald Islands, Make: Toyota, Model: Prius, Year: 2008, Mileage: 7.9 kmpl, Fuel: Diesel, Gear: Automatic, Horsepower: 235, Price: 37876 EUR, Preowned: No"
V1012,Mali,Toyota,RAV4,2011,18.7,Petrol,Automatic,199,35911,EUR,No,2024-08-27,"Country: Mali, Make: Toyota, Model: RAV4, Year: 2011, Mileage: 18.7 kmpl, Fuel: Petrol, Gear: Automatic, Horsepower: 199, Price: 35911 EUR, Preowned: No"
V1013,Anguilla,Honda,Civic,2017,6.3,EV,Automatic,497,66972,EUR,Yes,2025-03-23,"Country: Anguilla, Make: Honda, Model: Civic, Year: 2017, Mileage: 6.3 kmpl, Fuel: EV, Gear: Automatic, Horsepower: 497, Price: 66972 EUR, Preowned: Yes"
V1014,Libyan Arab Jamahiriya,BMW,5 Series,2011,20.3,Petrol,Automatic,332,54362,EUR,Yes,2025-07-23,"Country: Libyan Arab Jamahiriya, Make: BMW, Model: 5 Series, Year: 2011, Mileage: 20.3 kmpl, Fuel: Petrol, Gear: Automatic, Horsepower: 332, Price: 54362 EUR, Preowned: Yes"
V1015,Serbia,Volkswagen,Golf,2019,6.1,EV,Automatic,193,30612,EUR,No,2024-01-12,"Country: Serbia, Make: Volkswagen, Model: Golf, Year: 2019, Mileage: 6.1 kmpl, Fuel: EV, Gear: Automatic, Horsepower: 193, Price: 30612 EUR, Preowned: No"
V1016,Russian Federation,Hyundai,Ioniq 5 (EV),2017,5.1,EV,Automatic,552,25057,GBP,Yes,2024-06-21,"Country: Russian Federation, Make: Hyundai, Model: Ioniq 5 (EV), Year: 2017, Mileage: 5.1 kmpl, Fuel: EV, Gear: Automatic, Horsepower: 552, Price: 25057 GBP, Preowned: Yes"
V1017,Western Sahara,Toyota,RAV4,2022,10.2,Petrol,Manual,218,67693,INR,Yes,2024-12-01,"Country: Western Sahara, Make: Toyota, Model: RAV4, Year: 2022, Mileage: 10.2 kmpl, Fuel: Petrol, Gear: Manual, Horsepower: 218, Price: 67693 INR, Preowned: Yes"
V1018,Iceland,Audi,Q5,2005,4.4,EV,Manual,257,27642,INR,Yes,2025-03-21,"Country: Iceland, Make: Audi, Model: Q5, Year: 2005, Mileage: 4.4 kmpl, Fuel: EV, Gear: Manual, Horsepower: 257, Price: 27642 INR, Preowned: Yes"
V1019,Bermuda,Honda,Accord,2007,21.1,Petrol,Automatic,296,32827,EUR,Yes,2024-06-12,"Country: Bermuda, Make: Honda, Model: Accord, Year: 2007, Mileage: 21.1 kmpl, Fuel: Petrol, Gear: Automatic, Horsepower: 296, Price: 32827 EUR, Preowned: Yes"
V1020,Malta,Volkswagen,Golf,2013,21.1,Diesel,Automatic,133,46706,GBP,Yes,2024-09-28,"Country: Malta, Make: Volkswagen, Model: Golf, Year: 2013, Mileage: 21.1 kmpl, Fuel: Diesel, Gear: Automatic, Horsepower: 133, Price: 46706 GBP, Preowned: Yes"
V1021,Japan,Hyundai,Ioniq 5 (EV),2023,4.8,EV,Automatic,470,41799,GBP,No,2025-01-04,"Country: Japan, Make: Hyundai, Model: Ioniq 5 (EV), Year: 2023, Mileage: 4.8 kmpl, Fuel: EV, Gear: Automatic, Horsepower: 470, Price: 41799 GBP, Preowned: No"
V1022,Iraq,Audi,A4,2024,3.3,EV,Manual,321,38101,EUR,No,2025-07-09,"Country: Iraq, Make: Audi, Model: A4, Year: 2024, Mileage: 3.3 kmpl, Fuel: EV, Gear: Manual, Horsepower: 321, Price: 38101 EUR, Preowned: No"
V1023,Senegal,Toyota,Corolla,2007,5.6,EV,Automatic,461,78858,INR,No,2024-04-16,"Country: Senegal, Make: Toyota, Model: Corolla, Year: 2007, Mileage: 5.6 kmpl, Fuel: EV, Gear: Automatic, Horsepower: 461, Price: 78858 INR, Preowned: No"
V1024,Guinea,Volkswagen,Golf,2021,14.5,Petrol,Automatic,417,42129,GBP,No,2023-11-05,"Country: Guinea, Make: Volkswagen, Model: Golf, Year: 2021, Mileage: 14.5 kmpl, Fuel: Petrol, Gear: Automatic, Horsepower: 417, Price: 42129 GBP, Preowned: No"
V1025,British Indian Ocean Territory (Chagos Archipelago),Toyota,RAV4,2015,17.7,Hybrid,Automatic,311,39325,INR,Yes,2023-12-17,"Country: British Indian Ocean Territory (Chagos Archipelago), Make: Toyota, Model: RAV4, Year: 2015, Mileage: 17.7 kmpl, Fuel: Hybrid, Gear: Automatic, Horsepower: 311, Price: 39325 INR, Preowned: Yes"
V1026,India,Honda,Fit,2019,16.1,Diesel,Manual,183,62898,GBP,No,2023-12-05,"Country: India, Make: Honda, Model: Fit, Year: 2019, Mileage: 16.1 kmpl, Fuel: Diesel, Gear: Manual, Horsepower: 183, Price: 62898 GBP, Preowned: No"
V1027,Bosnia and Herzegovina,Audi,Q5,2013,6.6,Hybrid,Manual,243,43534,USD,Yes,2024-10-12,"Country: Bosnia and Herzegovina, Make: Audi, Model: Q5, Year: 2013, Mileage: 6.6 kmpl, Fuel: Hybrid, Gear: Manual, Horsepower: 243, Price: 43534 USD, Preowned: Yes"
V1028,Guinea-Bissau,Volkswagen,ID.4 (EV),2014,4.3,EV,Automatic,463,67263,EUR,No,2025-08-10,"Country: Guinea-Bissau, Make: Volkswagen, Model: ID.4 (EV), Year: 2014, Mileage: 4.3 kmpl, Fuel: EV, Gear: Automatic, Horsepower: 463, Price: 67263 EUR, Preowned: No"
V1029,Madagascar,Volkswagen,ID.4 (EV),2024,6.0,EV,Automatic,227,24420,GBP,Yes,2024-12-19,"Country: Madagascar, Make: Volkswagen, Model: ID.4 (EV), Year: 2024, Mileage: 6.0 kmpl, Fuel: EV, Gear: Automatic, Horsepower: 227, Price: 24420 GBP, Preowned: Yes"
V1030,Bouvet Island (Bouvetoya),Tesla,Model X,2015,8.1,Petrol,Automatic,81,14706,USD,No,2024-07-04,"Country: Bouvet Island (Bouvetoya), Make: Tesla, Model: Model X, Year: 2015, Mileage: 8.1 kmpl, Fuel: Petrol, Gear: Automatic, Horsepower: 81, Price: 14706 USD, Preowned: No"
V1031,Namibia,Hyundai,Sonata,2010,23.7,Diesel,Manual,151,25883,INR,Yes,2024-01-20,"Country: Namibia, Make: Hyundai, Model: Sonata, Year: 2010, Mileage: 23.7 kmpl, Fuel: Diesel, Gear: Manual, Horsepower: 151, Price: 25883 INR, Preowned: Yes"
V1032,Liechtenstein,Tesla,Model 3,2022,3.3,EV,Automatic,512,59331,USD,Yes,2025-07-06,"Country: Liechtenstein, Make: Tesla, Model: Model 3, Year: 2022, Mileage: 3.3 kmpl, Fuel: EV, Gear: Automatic, Horsepower: 512, Price: 59331 USD, Preowned: Yes"
V1033,Togo,Ford,Focus,2019,3.9,EV,Manual,554,67733,GBP,Yes,2025-06-03,"Country: Togo, Make: Ford, Model: Focus, Year: 2019, Mileage: 3.9 kmpl, Fuel: EV, Gear: Manual, Horsepower: 554, Price: 67733 GBP, Preowned: Yes"
V1034,Cameroon,Ford,Mustang,2015,17.8,Hybrid,Automatic,303,60853,GBP,No,2023-11-10,"Country: Cameroon, Make: Ford, Model: Mustang, Year: 2015, Mileage: 17.8 kmpl, Fuel: Hybrid, Gear: Automatic, Horsepower: 303, Price: 60853 GBP, Preowned: No"
V1035,Guinea-Bissau,Tesla,Model Y,2024,13.5,Petrol,Manual,141,24881,INR,No,2024-10-06,"Country: Guinea-Bissau, Make: Tesla, Model: Model Y, Year: 2024, Mileage: 13.5 kmpl, Fuel: Petrol, Gear: Manual, Horsepower: 141, Price: 24881 INR, Preowned: No"
V1036,Burkina Faso,Volkswagen,Golf,2014,5.9,EV,Automatic,377,76552,USD,No,2025-05-23,"Country: Burkina Faso, Make: Volkswagen, Model: Golf, Year: 2014, Mileage: 5.9 kmpl, Fuel: EV, Gear: Automatic, Horsepower: 377, Price: 76552 USD, Preowned: No"
V1037,Palau,Audi,A3,2020,17.6,Diesel,Manual,413,54798,INR,Yes,2023-09-24,"Country: Palau, Make: Audi, Model: A3, Year: 2020, Mileage: 17.6 kmpl, Fuel: Diesel, Gear: Manual, Horsepower: 413, Price: 54798 INR, Preowned: Yes"
V1038,Madagascar,Honda,Accord,2020,23.2,Diesel,Manual,89,41003,INR,Yes,2024-02-01,"Country: Madagascar, Make: Honda, Model: Accord, Year: 2020, Mileage: 23.2 kmpl, Fuel: Diesel, Gear: Manual, Horsepower: 89, Price: 41003 INR, Preowned: Yes"
V1039,Azerbaijan,Audi,Q5,2008,5.0,EV,Automatic,324,62281,EUR,Yes,2025-06-17,"Country: Azerbaijan, Make: Audi, Model: Q5, Year: 2008, Mileage: 5.0 kmpl, Fuel: EV, Gear: Automatic, Horsepower: 324, Price: 62281 EUR, Preowned: Yes"
V1040,Tokelau,Ford,F-150 Lightning (EV),2006,5.9,EV,Automatic,143,44228,INR,Yes,2024-07-30,"Country: Tokelau, Make: Ford, Model: F-150 Lightning (EV), Year: 2006, Mileage: 5.9 kmpl, Fuel: EV, Gear: Automatic, Horsepower: 143, Price: 44228 INR, Preowned: Yes"
V1041,Saint Vincent and the Grenadines,Audi,A4,2019,6.8,Petrol,Automatic,377,73133,USD,No,2024-04-19,"Country: Saint Vincent and the Grenadines, Make: Audi, Model: A4, Year: 2019, Mileage: 6.8 kmpl, Fuel: Petrol, Gear: Automatic, Horsepower: 377, Price: 73133 USD, Preowned: No"
V1042,Moldova,Audi,A4,2015,19.1,Diesel,Automatic,266,72488,GBP,Yes,2023-09-26,"Country: Moldova, Make: Audi, Model: A4, Year: 2015, Mileage: 19.1 kmpl, Fuel: Diesel, Gear: Automatic, Horsepower: 266, Price: 72488 GBP, Preowned: Yes"
V1043,British Indian Ocean Territory (Chagos Archipelago),Honda,Accord,2015,6.3,Diesel,Automatic,94,12082,USD,Yes,2025-06-27,"Country: British Indian Ocean Territory (Chagos Archipelago), Make: Honda, Model: Accord, Year: 2015, Mileage: 6.3 kmpl, Fuel: Diesel, Gear: Automatic, Horsepower: 94, Price: 12082 USD, Preowned: Yes"
V1044,Argentina,Tesla,Model 3,2008,13.1,Hybrid,Automatic,366,28527,GBP,Yes,2025-04-07,"Country: Argentina, Make: Tesla, Model: Model 3, Year: 2008, Mileage: 13.1 kmpl, Fuel: Hybrid, Gear: Automatic, Horsepower: 366, Price: 28527 GBP, Preowned: Yes"
V1045,Australia,Tesla,Model S,2007,4.4,EV,Manual,201,49814,GBP,Yes,2025-01-19,"Country: Australia, Make: Tesla, Model: Model S, Year: 2007, Mileage: 4.4 kmpl, Fuel: EV, Gear: Manual, Horsepower: 201, Price: 49814 GBP, Preowned: Yes"
V1046,Ecuador,Honda,Civic,2010,6.2,EV,Automatic,426,78780,GBP,Yes,2025-01-24,"Country: Ecuador, Make: Honda, Model: Civic, Year: 2010, Mileage: 6.2 kmpl, Fuel: EV, Gear: Automatic, Horsepower: 426, Price: 78780 GBP, Preowned: Yes"
V1047,Madagascar,Hyundai,Ioniq 5 (EV),2013,7.7,EV,Manual,224,5499,EUR,No,2025-08-16,"Country: Madagascar, Make: Hyundai, Model: Ioniq 5 (EV), Year: 2013, Mileage: 7.7 kmpl, Fuel: EV, Gear: Manual, Horsepower: 224, Price: 5499 EUR, Preowned: No"
V1048,Kazakhstan,Toyota,Camry,2010,19.3,Diesel,Manual,181,33692,INR,Yes,2025-01-06,"Country: Kazakhstan, Make: Toyota, Model: Camry, Year: 2010, Mileage: 19.3 kmpl, Fuel: Diesel, Gear: Manual, Horsepower: 181, Price: 33692 INR, Preowned: Yes"
V1049,China,Toyota,Camry,2021,24.7,Petrol,Automatic,114,46582,USD,Yes,2025-01-18,"Country: China, Make: Toyota, Model: Camry, Year: 2021, Mileage: 24.7 kmpl, Fuel: Petrol, Gear: Automatic, Horsepower: 114, Price: 46582 USD, Preowned: Yes"
V1050,Morocco,Ford,Mustang,2012,5.1,Petrol,Automatic,128,23044,EUR,Yes,2023-12-20,"Country: Morocco, Make: Ford, Model: Mustang, Year: 2012, Mileage: 5.1 kmpl, Fuel: Petrol, Gear: Automatic, Horsepower: 128, Price: 23044 EUR, Preowned: Yes"
V1051,Trinidad and Tobago,Nissan,Rogue,2010,13.2,Petrol,Manual,396,49220,USD,Yes,2024-06-08,"Country: Trinidad and Tobago, Make: Nissan, Model: Rogue, Year: 2010, Mileage: 13.2 kmpl, Fuel: Petrol, Gear: Manual, Horsepower: 396, Price: 49220 USD, Preowned: Yes"
V1052,Netherlands,Hyundai,Kona,2021,22.9,Hybrid,Manual,349,45562,GBP,No,2024-07-18,"Country: Netherlands, Make: Hyundai, Model: Kona, Year: 2021, Mileage: 22.9 kmpl, Fuel: Hybrid, Gear: Manual, Horsepower: 349, Price: 45562 GBP, Preowned: No"
V1053,Botswana,Ford,Focus,2012,4.1,EV,Manual,471,69114,EUR,Yes,2023-12-24,"Country: Botswana, Make: Ford, Model: Focus, Year: 2012, Mileage: 4.1 kmpl, Fuel: EV, Gear: Manual, Horsepower: 471, Price: 69114 EUR, Preowned: Yes"
V1054,Jordan,Audi,A4,2024,6.5,EV,Automatic,521,28384,USD,Yes,2024-06-04,"Country: Jordan, Make: Audi, Model: A4, Year: 2024, Mileage: 6.5 kmpl, Fuel: EV, Gear: Automatic, Horsepower: 521, Price: 28384 USD, Preowned: Yes"
V1055,El Salvador,Ford,F-150 Lightning (EV),2018,4.4,EV,Automatic,319,60106,INR,Yes,2023-12-07,"Country: El Salvador, Make: Ford, Model: F-150 Lightning (EV), Year: 2018, Mileage: 4.4 kmpl, Fuel: EV, Gear: Automatic, Horsepower: 319, Price: 60106 INR, Preowned: Yes"
V1056,Gambia,Ford,F-150 Lightning (EV),2008,5.1,EV,Automatic,566,29480,INR,Yes,2024-03-15,"Country: Gambia, Make: Ford, Model: F-150 Lightning (EV), Year: 2008, Mileage: 5.1 kmpl, Fuel: EV, Gear: Automatic, Horsepower: 566, Price: 29480 INR, Preowned: Yes"
V1057,Macao,Honda,Civic,2017,9.5,Diesel,Manual,445,33963,GBP,No,2024-07-29,"Country: Macao, Make: Honda, Model: Civic, Year: 2017, Mileage: 9.5 kmpl, Fuel: Diesel, Gear: Manual, Horsepower: 445, Price: 33963 GBP, Preowned: No"
V1058,United States Virgin Islands,Volkswagen,Tiguan,2014,17.5,Diesel,Manual,113,29952,INR,No,2024-10-11,"Country: United States Virgin Islands, Make: Volkswagen, Model: Tiguan, Year: 2014, Mileage: 17.5 kmpl, Fuel: Diesel, Gear: Manual, Horsepower: 113, Price: 29952 INR, Preowned: No"
V1059,Cyprus,Audi,A3,2014,3.4,EV,Manual,376,9437,EUR,No,2023-09-26,"Country: Cyprus, Make: Audi, Model: A3, Year: 2014, Mileage: 3.4 kmpl, Fuel: EV, Gear: Manual, Horsepower: 376, Price: 9437 EUR, Preowned: No"
V1060,Japan,BMW,i3 (EV),2011,4.3,EV,Manual,279,9125,USD,No,2025-01-05,"Country: Japan, Make: BMW, Model: i3 (EV), Year: 2011, Mileage: 4.3 kmpl, Fuel: EV, Gear: Manual, Horsepower: 279, Price: 9125 USD, Preowned: No"
V1061,South Africa,BMW,X3,2010,8.6,Hybrid,Manual,347,18889,GBP,No,2024-07-27,"Country: South Africa, Make: BMW, Model: X3, Year: 2010, Mileage: 8.6 kmpl, Fuel: Hybrid, Gear: Manual, Horsepower: 347, Price: 18889 GBP, Preowned: No"
V1062,Montserrat,Honda,Accord,2019,5.9,Diesel,Automatic,201,71612,EUR,No,2025-07-16,"Country: Montserrat, Make: Honda, Model: Accord, Year: 2019, Mileage: 5.9 kmpl, Fuel: Diesel, Gear: Automatic, Horsepower: 201, Price: 71612 EUR, Preowned: No"
V1063,Bouvet Island (Bouvetoya),Toyota,Camry,2016,3.0,EV,Manual,406,32217,EUR,No,2024-12-26,"Country: Bouvet Island (Bouvetoya), Make: Toyota, Model: Camry, Year: 2016, Mileage: 3.0 kmpl, Fuel: EV, Gear: Manual, Horsepower: 406, Price: 32217 EUR, Preowned: No"
V1064,Trinidad and Tobago,Nissan,Maxima,2021,11.3,Diesel,Automatic,406,31694,EUR,No,2025-07-03,"Country: Trinidad and Tobago, Make: Nissan, Model: Maxima, Year: 2021, Mileage: 11.3 kmpl, Fuel: Diesel, Gear: Automatic, Horsepower: 406, Price: 31694 EUR, Preowned: No"
V1065,Paraguay,Ford,Fusion,2019,9.3,Diesel,Manual,196,77849,EUR,No,2023-12-25,"Country: Paraguay, Make: Ford, Model: Fusion, Year: 2019, Mileage: 9.3 kmpl, Fuel: Diesel, Gear: Manual, Horsepower: 196, Price: 77849 EUR, Preowned: No"
V1066,South Georgia and the South Sandwich Islands,Volkswagen,Golf,2013,7.1,EV,Automatic,583,31943,INR,No,2023-09-03,"Country: South Georgia and the South Sandwich Islands, Make: Volkswagen, Model: Golf, Year: 2013, Mileage: 7.1 kmpl, Fuel: EV, Gear: Automatic, Horsepower: 583, Price: 31943 INR, Preowned: No"
V1067,Central African Republic,Tesla,Model S,2013,20.6,Petrol,Manual,274,57817,USD,No,2024-01-21,"Country: Central African Republic, Make: Tesla, Model: Model S, Year: 2013, Mileage: 20.6 kmpl, Fuel: Petrol, Gear: Manual, Horsepower: 274, Price: 57817 USD, Preowned: No"
V1068,New Zealand,Audi,A4,2023,23.5,Petrol,Automatic,208,35549,USD,No,2024-11-09,"Country: New Zealand, Make: Audi, Model: A4, Year: 2023, Mileage: 23.5 kmpl, Fuel: Petrol, Gear: Automatic, Horsepower: 208, Price: 35549 USD, Preowned: No"
V1069,Ghana,BMW,X3,2010,5.8,EV,Manual,310,57512,EUR,Yes,2024-09-01,"Country: Ghana, Make: BMW, Model: X3, Year: 2010, Mileage: 5.8 kmpl, Fuel: EV, Gear: Manual, Horsepower: 310, Price: 57512 EUR, Preowned: Yes"
V1070,Brunei Darussalam,Volkswagen,ID.4 (EV),2006,7.2,EV,Automatic,324,50571,GBP,Yes,2024-01-08,"Country: Brunei Darussalam, Make: Volkswagen, Model: ID.4 (EV), Year: 2006, Mileage: 7.2 kmpl, Fuel: EV, Gear: Automatic, Horsepower: 324, Price: 50571 GBP, Preowned: Yes"
V1071,Brunei Darussalam,Volkswagen,Golf,2009,12.6,Hybrid,Manual,225,42647,USD,No,2023-11-11,"Country: Brunei Darussalam, Make: Volkswagen, Model: Golf, Year: 2009, Mileage: 12.6 kmpl, Fuel: Hybrid, Gear: Manual, Horsepower: 225, Price: 42647 USD, Preowned: No"
V1072,French Polynesia,BMW,3 Series,2007,6.9,EV,Automatic,333,60971,INR,No,2023-10-27,"Country: French Polynesia, Make: BMW, Model: 3 Series, Year: 2007, Mileage: 6.9 kmpl, Fuel: EV, Gear: Automatic, Horsepower: 333, Price: 60971 INR, Preowned: No"
V1073,Wallis and Futuna,Honda,Fit,2016,6.2,EV,Automatic,132,66388,EUR,Yes,2024-11-16,"Country: Wallis and Futuna, Make: Honda, Model: Fit, Year: 2016, Mileage: 6.2 kmpl, Fuel: EV, Gear: Automatic, Horsepower: 132, Price: 66388 EUR, Preowned: Yes"
V1074,Iceland,Nissan,Maxima,2021,4.3,EV,Manual,551,54735,USD,Yes,2023-11-15,"Country: Iceland, Make: Nissan, Model: Maxima, Year: 2021, Mileage: 4.3 kmpl, Fuel: EV, Gear: Manual, Horsepower: 551, Price: 54735 USD, Preowned: Yes"
V1075,Latvia,Hyundai,Sonata,2016,10.3,Hybrid,Automatic,221,40908,GBP,Yes,2025-06-09,"Country: Latvia, Make: Hyundai, Model: Sonata, Year: 2016, Mileage: 10.3 kmpl, Fuel: Hybrid, Gear: Automatic, Horsepower: 221, Price: 40908 GBP, Preowned: Yes"
V1076,El Salvador,Tesla,Model Y,2016,5.6,EV,Manual,288,23761,EUR,No,2024-12-02,"Country: El Salvador, Make: Tesla, Model: Model Y, Year: 2016, Mileage: 5.6 kmpl, Fuel: EV, Gear: Manual, Horsepower: 288, Price: 23761 EUR, Preowned: No"
V1077,Malawi,BMW,5 Series,2015,23.8,Petrol,Manual,357,56452,GBP,No,2025-04-02,"Country: Malawi, Make: BMW, Model: 5 Series, Year: 2015, Mileage: 23.8 kmpl, Fuel: Petrol, Gear: Manual, Horsepower: 357, Price: 56452 GBP, Preowned: No"
V1078,Micronesia,Hyundai,Kona,2011,11.5,Petrol,Automatic,280,19598,USD,Yes,2023-11-25,"Country: Micronesia, Make: Hyundai, Model: Kona, Year: 2011, Mileage: 11.5 kmpl, Fuel: Petrol, Gear: Automatic, Horsepower: 280, Price: 19598 USD, Preowned: Yes"
V1079,Guam,Volkswagen,Golf,2008,19.5,Petrol,Manual,87,50554,GBP,No,2023-10-01,"Country: Guam, Make: Volkswagen, Model: Golf, Year: 2008, Mileage: 19.5 kmpl, Fuel: Petrol, Gear: Manual, Horsepower: 87, Price: 50554 GBP, Preowned: No"
V1080,Saint Pierre and Miquelon,Hyundai,Kona,2021,6.6,EV,Automatic,417,64007,GBP,Yes,2024-07-23,"Country: Saint Pierre and Miquelon, Make: Hyundai, Model: Kona, Year: 2021, Mileage: 6.6 kmpl, Fuel: EV, Gear: Automatic, Horsepower: 417, Price: 64007 GBP, Preowned: Yes"
V1081,Suriname,Audi,e-tron (EV),2020,4.5,EV,Manual,166,41484,EUR,No,2025-01-27,"Country: Suriname, Make: Audi, Model: e-tron (EV), Year: 2020, Mileage: 4.5 kmpl, Fuel: EV, Gear: Manual, Horsepower: 166, Price: 41484 EUR, Preowned: No"
V1082,Holy See (Vatican City State),Volkswagen,ID.4 (EV),2021,7.7,EV,Automatic,280,38192,USD,No,2024-01-07,"Country: Holy See (Vatican City State), Make: Volkswagen, Model: ID.4 (EV), Year: 2021, Mileage: 7.7 kmpl, Fuel: EV, Gear: Automatic, Horsepower: 280, Price: 38192 USD, Preowned: No"
V1083,Bhutan,Nissan,Altima,2016,6.0,Petrol,Manual,338,79391,USD,Yes,2024-07-16,"Country: Bhutan, Make: Nissan, Model: Altima, Year: 2016, Mileage: 6.0 kmpl, Fuel: Petrol, Gear: Manual, Horsepower: 338, Price: 79391 USD, Preowned: Yes"
V1084,Madagascar,Toyota,Prius,2021,3.8,EV,Automatic,254,13848,USD,Yes,2025-01-29,"Country: Madagascar, Make: Toyota, Model: Prius, Year: 2021, Mileage: 3.8 kmpl, Fuel: EV, Gear: Automatic, Horsepower: 254, Price: 13848 USD, Preowned: Yes"
V1085,Liechtenstein,Ford,F-150 Lightning (EV),2005,3.7,EV,Automatic,201,67970,EUR,No,2024-04-01,"Country: Liechtenstein, Make: Ford, Model: F-150 Lightning (EV), Year: 2005, Mileage: 3.7 kmpl, Fuel: EV, Gear: Automatic, Horsepower: 201, Price: 67970 EUR, Preowned: No"
V1086,Ghana,Hyundai,Elantra,2014,21.3,Hybrid,Automatic,233,34353,INR,No,2023-12-12,"Country: Ghana, Make: Hyundai, Model: Elantra, Year: 2014, Mileage: 21.3 kmpl, Fuel: Hybrid, Gear: Automatic, Horsepower: 233, Price: 34353 INR, Preowned: No"
V1087,Taiwan,BMW,X3,2016,11.3,Hybrid,Manual,344,54631,EUR,Yes,2024-07-09,"Country: Taiwan, Make: BMW, Model: X3, Year: 2016, Mileage: 11.3 kmpl, Fuel: Hybrid, Gear: Manual, Horsepower: 344, Price: 54631 EUR, Preowned: Yes"
V1088,Gambia,Honda,Fit,2010,21.6,Hybrid,Manual,326,14960,USD,Yes,2024-02-20,"Country: Gambia, Make: Honda, Model: Fit, Year: 2010, Mileage: 21.6 kmpl, Fuel: Hybrid, Gear: Manual, Horsepower: 326, Price: 14960 USD, Preowned: Yes"
V1089,Heard Island and McDonald Islands,Toyota,RAV4,2023,14.0,Hybrid,Automatic,347,38394,INR,Yes,2024-08-17,"Country: Heard Island and McDonald Islands, Make: Toyota, Model: RAV4, Year: 2023, Mileage: 14.0 kmpl, Fuel: Hybrid, Gear: Automatic, Horsepower: 347, Price: 38394 INR, Preowned: Yes"
V1090,Antigua and Barbuda,Hyundai,Kona,2016,21.0,Diesel,Automatic,428,64443,EUR,Yes,2023-11-20,"Country: Antigua and Barbuda, Make: Hyundai, Model: Kona, Year: 2016, Mileage: 21.0 kmpl, Fuel: Diesel, Gear: Automatic, Horsepower: 428, Price: 64443 EUR, Preowned: Yes"
V1091,Egypt,Tesla,Model 3,2009,6.3,EV,Automatic,289,32513,GBP,No,2024-06-17,"Country: Egypt, Make: Tesla, Model: Model 3, Year: 2009, Mileage: 6.3 kmpl, Fuel: EV, Gear: Automatic, Horsepower: 289, Price: 32513 GBP, Preowned: No"
V1092,Korea,Ford,Mustang,2015,9.0,Diesel,Manual,193,44623,GBP,Yes,2024-01-19,"Country: Korea, Make: Ford, Model: Mustang, Year: 2015, Mileage: 9.0 kmpl, Fuel: Diesel, Gear: Manual, Horsepower: 193, Price: 44623 GBP, Preowned: Yes"
V1093,Paraguay,BMW,i3 (EV),2008,3.1,EV,Automatic,135,39055,INR,Yes,2024-05-05,"Country: Paraguay, Make: BMW, Model: i3 (EV), Year: 2008, Mileage: 3.1 kmpl, Fuel: EV, Gear: Automatic, Horsepower: 135, Price: 39055 INR, Preowned: Yes"
V1094,Mongolia,Honda,CR-V,2018,16.0,Petrol,Manual,321,44250,USD,Yes,2025-04-29,"Country: Mongolia, Make: Honda, Model: CR-V, Year: 2018, Mileage: 16.0 kmpl, Fuel: Petrol, Gear: Manual, Horsepower: 321, Price: 44250 USD, Preowned: Yes"
V1095,Marshall Islands,Toyota,Camry,2009,11.8,Petrol,Automatic,371,24303,EUR,No,2024-02-23,"Country: Marshall Islands, Make: Toyota, Model: Camry, Year: 2009, Mileage: 11.8 kmpl, Fuel: Petrol, Gear: Automatic, Horsepower: 371, Price: 24303 EUR, Preowned: No"
V1096,Russian Federation,Honda,Accord,2009,16.1,Diesel,Automatic,135,18367,EUR,Yes,2025-03-11,"Country: Russian Federation, Make: Honda, Model: Accord, Year: 2009, Mileage: 16.1 kmpl, Fuel: Diesel, Gear: Automatic, Horsepower: 135, Price: 18367 EUR, Preowned: Yes"
V1097,North Macedonia,Honda,CR-V,2009,9.5,Hybrid,Automatic,149,27453,EUR,Yes,2025-01-16,"Country: North Macedonia, Make: Honda, Model: CR-V, Year: 2009, Mileage: 9.5 kmpl, Fuel: Hybrid, Gear: Automatic, Horsepower: 149, Price: 27453 EUR, Preowned: Yes"
V1098,Tuvalu,Honda,CR-V,2013,9.4,Diesel,Manual,175,22153,EUR,No,2023-11-17,"Country: Tuvalu, Make: Honda, Model: CR-V, Year: 2013, Mileage: 9.4 kmpl, Fuel: Diesel, Gear: Manual, Horsepower: 175, Price: 22153 EUR, Preowned: No"
V1099,Pitcairn Islands,Nissan,Maxima,2015,22.2,Diesel,Manual,134,16895,GBP,No,2024-10-03,"Country: Pitcairn Islands, Make: Nissan, Model: Maxima, Year: 2015, Mileage: 22.2 kmpl, Fuel: Diesel, Gear: Manual, Horsepower: 134, Price: 16895 GBP, Preowned: No"
